source_part,filename,true_crop,true_disease,true_disease_type,crop_en,disease_en,prediction,latency_seconds,input_tokens,output_tokens,status,pred_crop,pred_disease,pred_pest,valid_format,crop_correct,disease_correct,combined_correct
part1,b24cb2c9_crop01.jpg,葡萄,白粉病,真菌病害,Grape,Powdery Mildew,葡萄，白粉病,1.124,8559,7,success,葡萄,白粉病,,1,1,1,1
part1,b24cb2c9_crop02.jpg,柑橘,炭疽病,真菌病害,Citrus,Anthracnose,作物，叶斑病,1.527,8559,8,success,作物,叶斑病,,1,0,0,0
part1,b24cb2c9_crop03.jpg,柑橘,疮痂病,真菌病害,Citrus,Scab,柑橘，炭疽病，蚜虫,1.437,8559,15,success,柑橘,炭疽病,蚜虫,1,1,0,0
part1,b24cb2c9_crop04.jpg,柑橘,沙皮病,真菌病害,Citrus,Sandpaper Disease,橙子，炭疽病,2.092,8559,10,success,橙子,炭疽病,,1,0,0,0
part1,b24cb2c9_crop05.jpg,柑橘,树脂病,真菌病害,Citrus,Citrus Gummosis,果树，树干腐烂，蚜虫,0.964,8559,13,success,果树,树干腐烂,蚜虫,1,0,0,0
part1,b24cb2c9_crop06.jpg,柑橘,黑星病,真菌病害,Citrus,Black Scab,橙子，黑斑病,1.298,8559,9,success,橙子,黑斑病,,1,0,0,0
part1,b24cb2c9_crop08.jpg,玉米,锈病,真菌病害,Corn,Rust,玉米，锈病,1.043,8559,7,success,玉米,锈病,,1,1,1,1
part1,30f62513_crop01.jpg,苹果,轮纹病,真菌病害,Apple,Ring Rot,作物，根腐病,1.737,8559,7,success,作物,根腐病,,1,0,0,0
part1,30f62513_crop03.jpg,番茄,早疫病,真菌病害,Tomato,Early Blight,番茄，叶斑病,1.681,8559,9,success,番茄,叶斑病,,1,1,0,0
part1,屏幕截图 2026-05-31 141448.png,苹果,炭疽病,真菌病害,Apple,Anthracnose,苹果，黑腐病,1.731,8559,6,success,苹果,黑腐病,,1,1,0,0
part1,屏幕截图 2026-05-31 141619.png,梨,炭疽病,真菌病害,Pear,Anthracnose,瓜类，腐烂病,1.32,8559,8,success,瓜类,腐烂病,,1,0,0,0
part1,屏幕截图 2026-05-31 141730.png,水稻,枯心苗,真菌病害,Rice,Dead Heart,水稻，稻瘟病，稻飞虱,1.814,8559,16,success,水稻,稻瘟病,稻飞虱,1,1,0,0
part1,屏幕截图 2026-05-31 141949.png,柑橘,青霉病,真菌病害,Mandarin Orange,Blue Mold,橙子，霉菌病,4.5,8559,9,success,橙子,霉菌病,,1,0,0,0
part1,屏幕截图 2026-05-31 142048.png,香蕉,根腐病,真菌病害,Banana,Root Rot,香蕉，黑斑病，香蕉蛀虫,0.976,8559,12,success,香蕉,黑斑病,香蕉蛀虫,1,1,0,0
part1,屏幕截图 2026-05-31 142150.png,香蕉,炭疽病,真菌病害,Banana,Anthracnose,香蕉，黑斑病,1.009,8559,7,success,香蕉,黑斑病,,1,1,0,0
part1,屏幕截图 2026-05-31 142229.png,柑橘,炭疽病,真菌病害,Mandarin Orange,Anthracnose,橙子，果腐病，果实蝇,1.253,8559,13,success,橙子,果腐病,果实蝇,1,0,0,0
part1,屏幕截图 2026-05-31 142421.png,苹果,晚疫病,真菌病害,Apple,Late Blight,番茄，灰霉病,1.11,8559,9,success,番茄,灰霉病,,1,0,0,0
part1,屏幕截图 2026-05-31 142601.png,黄瓜,白粉病,真菌病害,Cucumber,Powdery Mildew,黄瓜，白粉病,2.786,8559,7,success,黄瓜,白粉病,,1,1,1,1
part1,屏幕截图 2026-05-31 142948.png,番茄,叶霉病,真菌病害,Tomato,Leaf Mold,豆类，豆锈病,1.111,8559,8,success,豆类,豆锈病,,1,0,0,0
part1,屏幕截图 2026-05-31 143021.png,水稻,条斑病,真菌病害,Rice,Stripe Blight,水稻，稻瘟病,1.0,8559,10,success,水稻,稻瘟病,,1,1,0,0
part1,屏幕截图 2026-05-31 143608.png,花生,叶斑病,真菌病害,Peanut,Leaf Spot,豆类，叶斑病，蚜虫,1.634,8559,12,success,豆类,叶斑病,蚜虫,1,0,1,0
part1,屏幕截图 2026-05-31 143811.png,柑橘,疮痂病,真菌病害,Citrus,Scab,黄瓜，霜霉病，蚜虫,1.349,8559,13,success,黄瓜,霜霉病,蚜虫,1,0,0,0
part1,屏幕截图 2026-05-31 144008.png,柑橘,黑斑病,真菌病害,Citrus,Black Spot,植物，黑斑病，蚜虫,1.593,8559,11,success,植物,黑斑病,蚜虫,1,0,1,0
part1,屏幕截图 2026-05-31 144132.png,水稻,稻瘟病,真菌病害,Rice,Rice Blast,水稻，稻瘟病，稻飞虱,1.491,8559,16,success,水稻,稻瘟病,稻飞虱,1,1,1,1
part1,屏幕截图 2026-05-31 144210.png,棉花,枯萎病,真菌病害,Cotton,Fusarium Wilt,茄子，白粉病,1.557,8559,8,success,茄子,白粉病,,1,0,0,0
part1,屏幕截图 2026-05-31 144340.png,柑橘,炭疽病,真菌病害,Citrus,Anthracnose,作物，叶斑病,1.389,8559,8,success,作物,叶斑病,,1,0,0,0
part1,屏幕截图 2026-05-31 144528.png,辣椒,炭疽病,真菌病害,Chili Pepper,Anthracnose,作物，叶斑病,1.103,8559,8,success,作物,叶斑病,,1,0,0,0
part1,屏幕截图 2026-05-31 144653.png,白菜,灰霉病,真菌病害,Chinese Cabbage,Gray Mold,白菜，霜霉病,1.062,8559,8,success,白菜,霜霉病,,1,1,0,0
part1,屏幕截图 2026-05-31 144747.png,水稻,稻瘟病,真菌病害,Rice,Rice Blast,水稻，稻瘟病,1.383,8559,10,success,水稻,稻瘟病,,1,1,1,1
part1,屏幕截图 2026-05-31 151816.png,玉米,茎腐病,真菌病害,Corn,Stalk Rot,香蕉，黑斑病,0.895,8559,7,success,香蕉,黑斑病,,1,0,0,0
part1,屏幕截图 2026-05-31 154436.png,花生,褐斑病,真菌病害,Peanut,Brown Spot,豆类，叶斑病，蚜虫,1.41,8559,12,success,豆类,叶斑病,蚜虫,1,0,0,0
part1,屏幕截图 2026-05-31 155123.png,柑橘,蚧壳虫,虫害,Citrus,Scale Insect,黄瓜，白粉病，蚜虫,1.271,8559,11,success,黄瓜,白粉病,蚜虫,1,0,0,0
part1,微信图片_2026-06-01_163205_835.jpg,辣椒,脐腐病,真菌病害,Chili Pepper,Blossom End Rot,辣椒，果实腐烂，蛴螬,2.121,25560,15,success,辣椒,果实腐烂,蛴螬,1,1,0,0
part1,微信图片_2026-06-01_163238_487.jpg,辣椒,脐腐病,真菌病害,Chili Pepper,Blossom End Rot,辣椒，病害,1.663,25560,6,success,辣椒,病害,,1,1,0,0
part1,微信图片_2026-06-02_135750_857.jpg,多肉,黑腐病,真菌病害,Succulent,Black Rot,多肉植物，白粉病,2.849,25560,8,success,多肉植物,白粉病,,1,0,0,0
part1,微信图片_2026-06-02_140148_290.jpg,多肉,蚧壳虫,虫害,Succulent,Mealybug,多肉植物，粉虱。,2.502,36894,9,success,多肉植物,粉虱。,,1,0,0,0
part1,微信图片_2026-06-02_140342_506.jpg,多肉,黑腐病,真菌病害,Succulent,Black Rot,抱歉，我无法识别图片中的作物和病虫害。,3.421,25560,16,success,抱歉,我无法识别图片中的作物和病虫害。,,1,0,0,0
part1,微信图片_2026-06-02_140503_224.jpg,多肉,根腐病,真菌病害,Succulent,Root Rot,作物，根腐病,2.512,25560,7,success,作物,根腐病,,1,0,1,0
part1,微信图片_2026-06-02_140619_821.jpg,多肉,蚧壳虫,虫害,Succulent,Mealybug,多肉植物，白粉病，蚧壳虫,2.0,48228,14,success,多肉植物,白粉病,蚧壳虫,1,0,0,0
part1,微信图片_2026-06-02_140827_582.jpg,多肉,蚜虫,虫害,Succulent,Aphid,植物，蚜虫,1.113,25560,6,success,植物,蚜虫,,1,0,1,0
part1,微信图片_2026-06-02_140958_303.jpg,多肉,黑腐病,真菌病害,Succulent,Black Rot,多肉植物，根腐病，根蛆。,1.367,48228,13,success,多肉植物,根腐病,根蛆。,1,0,0,0
part1,微信图片_2026-06-02_141320_311.jpg,葡萄,褐斑病,真菌病害,Grape,Large Brown Spot,葡萄，霜霉病,2.433,48228,9,success,葡萄,霜霉病,,1,1,0,0
part1,微信图片_2026-06-02_141600_648.jpg,葡萄,褐斑病,真菌病害,Grape,Large Brown Spot,葡萄，白粉病，葡萄叶蝉,2.077,25560,13,success,葡萄,白粉病,葡萄叶蝉,1,1,0,0
part1,微信图片_2026-06-02_141744_664.jpg,葡萄,白粉病,真菌病害,Grape,Powdery Mildew,葡萄，白粉病，蚜虫,1.87,25560,11,success,葡萄,白粉病,蚜虫,1,1,1,1
part1,微信图片_2026-06-02_141933_482.jpg,月季/玫瑰,白粉病,真菌病害,Rose,Powdery Mildew,作物，白粉病,1.527,36894,7,success,作物,白粉病,,1,0,1,0
part1,微信图片_2026-06-02_142549_071.jpg,葡萄,蓟马,虫害,Shine Muscat,Thrips,葡萄，霜霉病,1.469,25560,9,success,葡萄,霜霉病,,1,1,0,0
part1,微信图片_2026-06-02_150231_966.jpg,葡萄,灰霉病,真菌病害,Shine Muscat,Gray Mold,青豆，霜霉病,1.811,25560,9,success,青豆,霜霉病,,1,0,0,0
part1,微信图片_2026-06-02_151015_161.jpg,葡萄,褐斑病,真菌病害,Grape,Brown Spot,葡萄，白粉病,2.132,36894,7,success,葡萄,白粉病,,1,1,0,0
part1,微信图片_2026-06-02_151308_906.jpg,葡萄,房枯病,真菌病害,Grape,Pod Blight,葡萄，灰霉病,2.151,25560,8,success,葡萄,灰霉病,,1,1,0,0
part1,微信图片_2026-06-02_151509_706.jpg,葡萄,房枯病,真菌病害,Grape,Pod Blight,葡萄，灰霉病，葡萄果实蛀虫,1.656,25560,16,success,葡萄,灰霉病,葡萄果实蛀虫,1,1,0,0
part1,微信图片_2026-06-02_151516_867.jpg,葡萄,房枯病,真菌病害,Grape,Pod Blight,葡萄，灰霉病,1.591,25560,8,success,葡萄,灰霉病,,1,1,0,0
part1,微信图片_2026-06-02_151522_564.jpg,葡萄,房枯病,真菌病害,Grape,Pod Blight,葡萄，灰霉病,1.326,25560,8,success,葡萄,灰霉病,,1,1,0,0
part1,微信图片_2026-06-02_151849_809.jpg,葡萄,疮痂病,真菌病害,Grape,Scab,葡萄，叶斑病，葡萄叶蝉,2.035,36894,14,success,葡萄,叶斑病,葡萄叶蝉,1,1,0,0
part1,微信图片_2026-06-02_151858_769.jpg,葡萄,黑痘病,真菌病害,Grape,Black Pox,葡萄，霜霉病,1.673,36894,9,success,葡萄,霜霉病,,1,1,0,0
part1,微信图片_2026-06-02_154025_529.jpg,葡萄,褐斑病,真菌病害,Grape,Large Brown Spot,葡萄，虫害，葡萄尺蠖,1.705,25560,13,success,葡萄,虫害,葡萄尺蠖,1,1,0,0
part1,微信图片_2026-06-02_155532_737.jpg,月季/玫瑰,黑斑病,真菌病害,Rose,Black Spot,玫瑰，黑斑病,1.752,36894,10,success,玫瑰,黑斑病,,1,0,1,0
part1,微信图片_2026-06-02_161446_021.jpg,月季/玫瑰,蚜虫,虫害,Rose,Aphid,玫瑰，蚜虫，黑蚜。,1.981,25560,14,success,玫瑰,蚜虫,黑蚜。,1,0,1,0
part1,微信图片_2026-06-02_161755_997.jpg,月季/玫瑰,根癌病,细菌病害,Rose,Crown Gall,水生植物，根腐病,2.058,25560,8,success,水生植物,根腐病,,1,0,0,0
part1,微信图片_2026-06-02_162024_497.jpg,月季/玫瑰,病毒病,细菌病害,Rose,Viral Disease,作物，黄化病,3.668,25560,7,success,作物,黄化病,,1,0,0,0
part1,微信图片_2026-06-02_162032_620.jpg,月季/玫瑰,病毒病,细菌病害,Rose,Viral Disease,玫瑰，黑斑病,1.434,25560,10,success,玫瑰,黑斑病,,1,0,0,0
part1,微信图片_2026-06-02_162341_485.jpg,葡萄,煤污病,真菌病害,Grape,Sooty Mold,作物，黑斑病,1.771,25560,8,success,作物,黑斑病,,1,0,0,0
part1,微信图片_2026-06-02_162658_059.jpg,葡萄,褐斑病 ,真菌病害,Grape,Brown Spot,葡萄，白粉病,1.555,25560,7,success,葡萄,白粉病,,1,1,0,0
part1,微信图片_2026-06-02_162908_276.jpg,月季/玫瑰,灰霉病,真菌病害,Rose,Gray Mold,玫瑰，黑斑病,1.596,25560,10,success,玫瑰,黑斑病,,1,0,0,0
part1,微信图片_2026-06-02_163007_018.jpg,葡萄,褐枯病,真菌病害,Grape,Brown Blight,葡萄，霜霉病，葡萄螟,1.485,25560,15,success,葡萄,霜霉病,葡萄螟,1,1,0,0
part1,微信图片_2026-06-02_163223_615.jpg,葡萄,房枯病,真菌病害,Grape,Pod Blight,葡萄，灰霉病,1.964,25560,8,success,葡萄,灰霉病,,1,1,0,0
part1,微信图片_2026-06-02_163451_204.jpg,葡萄,炭疽病,真菌病害,Grape,Anthracnose,苹果，炭疽病,1.489,36894,8,success,苹果,炭疽病,,1,0,1,0
part1,微信图片_2026-06-02_163714_613.jpg,葡萄,黑痘病,真菌病害,Grape,Black Pox,葡萄，霜霉病，葡萄螟,1.94,36894,15,success,葡萄,霜霉病,葡萄螟,1,1,0,0
part1,微信图片_2026-06-02_164322_366.jpg,月季/玫瑰,叶斑病,真菌病害,Rose,Leaf Spot,作物，病害,1.953,48228,6,success,作物,病害,,1,0,0,0
part1,微信图片_2026-06-02_164444_179.jpg,葡萄,蓟马,虫害,Grape,Thrips,葡萄，蚜虫,1.125,48228,7,success,葡萄,蚜虫,,1,1,0,0
part1,微信图片_2026-06-02_164603_968.jpg,葡萄,褐枯病,真菌病害,Grape,Brown Blight,葡萄，病害，蚜虫,1.521,36894,10,success,葡萄,病害,蚜虫,1,1,0,0
part1,微信图片_2026-06-02_164726_164.jpg,葡萄,褐斑病 ,真菌病害,Grape,Brown Spot,葡萄，白粉病,1.235,36894,7,success,葡萄,白粉病,,1,1,0,0
part1,微信图片_2026-06-02_164734_956.jpg,葡萄,褐斑病 ,真菌病害,Grape,Brown Spot,葡萄，白粉病,2.063,36894,7,success,葡萄,白粉病,,1,1,0,0
part1,微信图片_2026-06-02_164939_732.jpg,葡萄,褐枯病,真菌病害,Grape,Brown Blight,青椒，病害。,1.706,25560,7,success,青椒,病害。,,1,0,0,0
part1,微信图片_2026-06-02_165134_659.jpg,月季/玫瑰,白粉病,真菌病害,Rose,Powdery Mildew,豆类，白粉病,1.502,25560,7,success,豆类,白粉病,,1,0,1,0
part1,微信图片_2026-06-02_165226_054.jpg,月季/玫瑰,白粉病,真菌病害,Rose,Powdery Mildew,玫瑰，白粉病,1.639,25560,9,success,玫瑰,白粉病,,1,0,1,0
part1,微信图片_2026-06-02_165259_413.jpg,月季/玫瑰,灰霉病,真菌病害,Rose,Gray Mold,玫瑰，灰霉病,1.744,25560,10,success,玫瑰,灰霉病,,1,0,1,0
part1,微信图片_2026-06-02_165356_195.jpg,月季/玫瑰,黑斑病,真菌病害,Rose,Black Spot,玫瑰，黑斑病,1.635,48228,10,success,玫瑰,黑斑病,,1,0,1,0
part1,微信图片_2026-06-02_165512_228.jpg,月季/玫瑰,白粉病,真菌病害,Rose,Powdery Mildew,玫瑰，白粉病，蚜虫,1.756,48228,13,success,玫瑰,白粉病,蚜虫,1,0,1,0
part1,微信图片_2026-06-02_165516_776.jpg,月季/玫瑰,白粉病,真菌病害,Rose,Powdery Mildew,玫瑰，白粉病，蚜虫,1.577,48228,13,success,玫瑰,白粉病,蚜虫,1,0,1,0
part1,微信图片_2026-06-02_165926_566.jpg,月季/玫瑰,黑斑病,真菌病害,Rose,Black Spot,玫瑰，黑斑病,2.068,36894,10,success,玫瑰,黑斑病,,1,0,1,0
part1,微信图片_2026-06-02_170040_021.jpg,月季/玫瑰,茎腐病,真菌病害,Rose,Stalk Rot,作物，根腐病,1.672,25560,7,success,作物,根腐病,,1,0,0,0
part1,微信图片_2026-06-02_170655_974.jpg,西瓜,蔓枯病,真菌病害,Watermelon,Gummy Stem Blight,黄瓜，病毒病,1.935,25560,6,success,黄瓜,病毒病,,1,0,0,0
part1,微信图片_2026-06-03_091914_987.jpg,月季/玫瑰,灰霉病,真菌病害,Rose,Gray Mold,玫瑰，蚜虫,1.728,48228,9,success,玫瑰,蚜虫,,1,0,0,0
part1,微信图片_2026-06-03_092800_140.jpg,月季/玫瑰,蚜虫,虫害,Rose,Aphid,玫瑰，蚜虫,2.868,48228,9,success,玫瑰,蚜虫,,1,0,1,0
part1,微信图片_2026-06-03_093000_211.jpg,天堂鸟,炭疽病,真菌病害,Bird of Paradise,Anthracnose,作物，叶斑病,1.597,25560,8,success,作物,叶斑病,,1,0,0,0
part1,微信图片_2026-06-03_093206_226.jpg,穿心莲,叶斑病,真菌病害,Andrographis,Leaf Spot,作物，病害，蚜虫,1.882,25560,10,success,作物,病害,蚜虫,1,0,0,0
part1,微信图片_2026-06-03_093344_628.jpg,百合花,叶枯病,真菌病害,Lily,Leaf Blight,作物，病害,1.233,25560,6,success,作物,病害,,1,0,0,0
part1,微信图片_2026-06-03_093820_564.jpg,富贵竹,叶斑病,真菌病害,Lucky Bamboo,Leaf Spot,作物，病害,2.783,36894,6,success,作物,病害,,1,0,0,0
part1,微信图片_2026-06-03_094146_139.jpg,富贵竹,炭疽病,真菌病害,Lucky Bamboo,Anthracnose,作物，病害,1.63,25560,6,success,作物,病害,,1,0,0,0
part1,微信图片_2026-06-03_094432_191.jpg,富贵竹,叶斑病,真菌病害,Lucky Bamboo,Leaf Spot,木薯，叶斑病,1.8,25560,9,success,木薯,叶斑病,,1,0,1,0
part1,微信图片_2026-06-03_100323_493.jpg,发财树,炭疽病,真菌病害,Money Tree,Anthracnose,作物，叶斑病,1.827,25560,8,success,作物,叶斑病,,1,0,0,0
part1,微信图片_2026-06-03_101020_877.jpg,发财树,蓟马,虫害,Money Tree,Thrips,木薯，叶斑病,3.057,25560,9,success,木薯,叶斑病,,1,0,0,0
part1,微信图片_2026-06-03_101133_549.jpg,发财树,红蜘蛛,虫害,Money Tree,Spider Mite,木薯，白粉病,1.903,25560,8,success,木薯,白粉病,,1,0,0,0
part1,微信图片_2026-06-03_101505_278.jpg,月季/玫瑰,煤污病,真菌病害,Rose,Sooty Mold,作物，黑斑病,2.075,25560,8,success,作物,黑斑病,,1,0,0,0
part1,微信图片_2026-06-03_101712_991.jpg,月季/玫瑰,灰霉病,真菌病害,Rose,Gray Mold,玫瑰，干枯，蚜虫,1.681,25560,13,success,玫瑰,干枯,蚜虫,1,0,0,0
part1,微信图片_2026-06-03_101820_301.jpg,花生,叶斑病,真菌病害,Peanut,Leaf Spot,花生，叶斑病,1.429,25560,8,success,花生,叶斑病,,1,1,1,1
part1,微信图片_2026-06-03_101923_588.jpg,辣椒,脐腐病,真菌病害,Chili Pepper,Blossom End Rot,辣椒，黄化病，蚜虫,2.021,25560,11,success,辣椒,黄化病,蚜虫,1,1,0,0
part1,微信图片_2026-06-03_102130_919.jpg,茄子,棉疫病,真菌病害,Eggplant,Cotton Blight,茄子，茄子褐斑病，茄子钻心虫,2.455,25560,20,success,茄子,茄子褐斑病,茄子钻心虫,1,1,0,0
part1,微信图片_2026-06-03_102250_756.jpg,黄瓜,病毒病,真菌病害,Cucumber,Viral Disease,黄瓜，黄瓜花叶病毒，蚜虫,1.792,25560,13,success,黄瓜,黄瓜花叶病毒,蚜虫,1,1,0,0
part1,微信图片_2026-06-03_102515_268.jpg,番茄,脐腐病,真菌病害,Tomato,Blossom End Rot,番茄，果腐病，果实蝇,2.026,36894,13,success,番茄,果腐病,果实蝇,1,1,0,0
part1,微信图片_2026-06-03_102526_032.jpg,番茄,脐腐病,真菌病害,Tomato,Blossom End Rot,番茄，果腐病,1.272,36894,8,success,番茄,果腐病,,1,1,0,0
part1,微信图片_2026-06-02_102445_649.jpg,水稻,褐斑病,细菌病害,Rice,Brown Spot,水稻，稻瘟病,3.481,25560,10,success,水稻,稻瘟病,,1,1,0,0
part1,微信图片_2026-06-02_103856_760.jpg,水稻,立枯病,真菌病害,Rice,Damping-off,水稻，稻瘟病,4.958,25560,10,success,水稻,稻瘟病,,1,1,0,0
part1,微信图片_2026-06-02_110940_063.jpg,玉米,蓟马,虫害,Corn,Thrips Damage,玉米，蚜虫,2.747,25560,7,success,玉米,蚜虫,,1,1,0,0
part1,微信图片_2026-06-02_110129_417.jpg,玉米,叶斑病,真菌病害,Corn,Leaf Spot,玉米，灰斑病,1.059,25560,8,success,玉米,灰斑病,,1,1,0,0
part1,微信图片_2026-06-02_110342_856.jpg,玉米,顶腐病,细菌病害,Corn,Top Rot,玉米，病害，玉米螟,1.512,36894,12,success,玉米,病害,玉米螟,1,1,0,0
part1,微信图片_2026-06-02_110819_328.jpg,花生,叶斑病,真菌病害,Peanut,Leaf Spot,花生，叶斑病，蚜虫,1.277,36894,12,success,花生,叶斑病,蚜虫,1,1,1,1
part1,微信图片_2026-06-02_110927_679.jpg,玉米,玉米螟危害,虫害,Corn,Corn Borer Damage,玉米，叶斑病，蚜虫,2.272,25560,12,success,玉米,叶斑病,蚜虫,1,1,0,0
part1,微信图片_2026-06-02_111304_743.jpg,玉米,锈腐病,真菌病害,Corn,Rust Rot,玉米，病斑，玉米螟,1.643,25560,13,success,玉米,病斑,玉米螟,1,1,0,0
part1,微信图片_2026-06-02_132503_538.jpg,马铃薯,早疫病,真菌病害,Potato,Early Blight,作物，叶斑病,1.449,25560,8,success,作物,叶斑病,,1,0,0,0
part1,微信图片_2026-06-02_112319_688.jpg,马铃薯,晚疫病,真菌病害,Potato,Late Blight,马铃薯，青枯病,1.848,25560,10,success,马铃薯,青枯病,,1,1,0,0
part1,微信图片_2026-06-02_133032_729.jpg,马铃薯,炭疽病,真菌病害,Potato,Anthracnose,马铃薯，晚疫病,1.686,36894,9,success,马铃薯,晚疫病,,1,1,0,0
part1,微信图片_2026-06-02_133343_239.jpg,马铃薯,粉蚧类危害,虫害,Potato,Mealybug Damage,豆类，蚜虫,1.73,36894,7,success,豆类,蚜虫,,1,0,0,0
part1,微信图片_2026-06-02_134037_673.jpg,马铃薯,环腐病,细菌病害,Potato,Ring Rot,马铃薯，晚疫病，蚜虫,1.702,25560,13,success,马铃薯,晚疫病,蚜虫,1,1,0,0
part1,微信图片_2026-06-02_134254_487.jpg,黄豆,叶斑病,真菌病害,Soybean,Leaf Spot,烟草，烟草斑点病，烟草蚜虫,1.543,25560,16,success,烟草,烟草斑点病,烟草蚜虫,1,0,0,0
part1,微信图片_2026-06-02_134618_344.jpg,黄豆,蝽类害虫危害,虫害,Soybean,Stink Bug Damage,大豆，蚜虫,1.628,25560,7,success,大豆,蚜虫,,1,0,0,0
part1,微信图片_2026-06-02_134648_224.jpg,黄豆,炭疽病,真菌病害,Soybean,Anthracnose,大豆，黑斑病,1.244,36894,8,success,大豆,黑斑病,,1,0,0,0
part1,微信图片_2026-06-02_135508_768.jpg,黄豆,蓟马,虫害,Soybean,Thrips Damage,豆类，白粉病，蚜虫,2.273,36894,11,success,豆类,白粉病,蚜虫,1,0,0,0
part1,微信图片_2026-06-02_135602_783.jpg,黄豆,夜蛾类幼虫危害,虫害,Soybean,Armyworm Damage,豆类，白粉病，蚜虫,1.788,48228,11,success,豆类,白粉病,蚜虫,1,0,0,0
part1,微信图片_2026-06-02_140101_823.jpg,黄豆,斑枯病,真菌病害,Soybean,Septoria Leaf Spot,作物，白粉病,1.132,25560,7,success,作物,白粉病,,1,0,0,0
part1,微信图片_2026-06-02_140340_792.jpg,山药,炭疽病,真菌病害,Yam,Anthracnose,豆类，病毒病，蚜虫,1.182,25560,10,success,豆类,病毒病,蚜虫,1,0,0,0
part1,微信图片_2026-06-02_141608_832.jpg,山药,红蜘蛛,虫害,Yam,Spider Mite Damage,作物，白粉病,2.218,25560,7,success,作物,白粉病,,1,0,0,0
part1,微信图片_2026-06-02_142230_712.jpg,山药,褐斑病,真菌病害,Yam,Brown Spot,香葱，黄化病,2.031,25560,8,success,香葱,黄化病,,1,0,0,0
part1,微信图片_2026-06-02_142245_215.jpg,山药,斜纹夜蛾危害,真菌病害,Yam,Spodoptera Damage,黑枣，黑枣病，黑枣尺蠖,2.056,48228,17,success,黑枣,黑枣病,黑枣尺蠖,1,0,0,0
part1,微信图片_2026-06-02_142532_376.jpg,绿豆,蝽类害虫危害,虫害,Mung Bean,Stink Bug Damage,大豆，蚜虫,3.323,25560,7,success,大豆,蚜虫,,1,0,0,0
part1,微信图片_2026-06-02_143106_441.jpg,绿豆,褐斑病,真菌病害,Mung Bean,Brown Spot,豆类，黄斑病,1.756,48228,8,success,豆类,黄斑病,,1,0,0,0
part1,微信图片_2026-06-02_143545_576.jpg,绿豆,煤霉病,真菌病害,Mung Bean,Sooty Blotch,作物，病害，虫种,1.409,25560,9,success,作物,病害,虫种,1,0,0,0
part1,微信图片_2026-06-02_143535_969.jpg,绿豆,螨类危害,虫害,Mung Bean,Mite Damage,作物，病害,1.655,48228,6,success,作物,病害,,1,0,0,0
part1,微信图片_2026-06-02_144411_088.jpg,绿豆,红斑病,真菌病害,Mung Bean,Red Spot,豆类，叶斑病,1.435,48228,8,success,豆类,叶斑病,,1,0,0,0
part1,微信图片_2026-06-02_144707_104.jpg,花生,疮痂病,真菌病害,Peanut,Scab,花生，黄化病，蚜虫,4.342,25560,11,success,花生,黄化病,蚜虫,1,1,0,0
part1,微信图片_2026-06-02_144521_552.jpg,绿豆,斑疹病,细菌病害,Mung Bean,Spotted Wilt,大豆，蚜虫,1.219,25560,7,success,大豆,蚜虫,,1,0,0,0
part1,微信图片_2026-06-02_145340_600.jpg,绿豆,叶斑病,真菌病害,Mung Bean,Leaf Spot,作物，病害,2.11,25560,6,success,作物,病害,,1,0,0,0
part1,微信图片_2026-06-02_145403_160.jpg,绿豆,炭疽病,真菌病害,Mung Bean,Anthracnose,豆类，叶斑病,1.89,25560,8,success,豆类,叶斑病,,1,0,0,0
part1,微信图片_2026-06-02_145556_303.jpg,小麦,赤霉病,真菌病害,Wheat,Fusarium Head Blight,小麦，病害，蚜虫,2.108,25560,10,success,小麦,病害,蚜虫,1,1,0,0
part1,微信图片_2026-06-02_145729_264.jpg,小麦,颖枯病,真菌病害,Wheat,Glume Blotch,小麦，白粉病，蚜虫,1.813,25560,11,success,小麦,白粉病,蚜虫,1,1,0,0
part1,微信图片_2026-06-02_145742_847.jpg,小麦,颖枯病,真菌病害,Wheat,Glume Blotch,小麦，黄叶病，蚜虫,2.203,25560,11,success,小麦,黄叶病,蚜虫,1,1,0,0
part1,微信图片_2026-06-02_150144_416.jpg,小麦,条锈病,真菌病害,Wheat,Stripe Rust,小麦，白粉病,1.483,25560,7,success,小麦,白粉病,,1,1,0,0
part1,微信图片_2026-06-02_150253_631.jpg,小麦,赤霉病,真菌病害,Wheat,Fusarium Head Blight,小麦，白粉病,1.91,25560,7,success,小麦,白粉病,,1,1,0,0
part1,微信图片_2026-06-02_150354_040.jpg,小麦,叶枯病,真菌病害,Wheat,Leaf Blight,小麦，叶锈病,2.339,25560,8,success,小麦,叶锈病,,1,1,0,0
part1,微信图片_2026-06-02_150457_775.jpg,小麦,叶枯病,真菌病害,Wheat,Leaf Blight,小麦，叶锈病,1.646,25560,8,success,小麦,叶锈病,,1,1,0,0
part1,微信图片_2026-06-02_150519_152.jpg,小麦,叶枯病,真菌病害,Wheat,Leaf Blight,小麦，锈病，蚜虫,1.386,25560,11,success,小麦,锈病,蚜虫,1,1,0,0
part1,微信图片_2026-06-02_150504_272.jpg,小麦,叶枯病,真菌病害,Wheat,Leaf Blight,小麦，条锈病,1.335,25560,8,success,小麦,条锈病,,1,1,0,0
part1,微信图片_2026-06-02_150816_295.jpg,小麦,叶枯病,真菌病害,Wheat,Leaf Blight,小麦，叶锈病,2.0,25560,8,success,小麦,叶锈病,,1,1,0,0
part1,微信图片_2026-06-02_150859_728.jpg,小麦,蚜虫,虫害,Wheat,Aphid Damage,小麦，蚜虫,1.872,25560,7,success,小麦,蚜虫,,1,1,1,1
part1,微信图片_2026-06-02_153609_032.jpg,红豆,螨类危害,虫害,Red Bean,Mite Damage,作物，病害,1.879,48228,6,success,作物,病害,,1,0,0,0
part1,微信图片_2026-06-02_154001_440.jpg,水稻,螨类危害,虫害,Rice,Mite Damage,小麦，白粉病，蚜虫,1.986,25560,11,success,小麦,白粉病,蚜虫,1,0,0,0
part1,微信图片_2026-06-02_154009_248.jpg,水稻,螨类危害,虫害,Rice,Mite Damage,水稻，稻瘟病,3.34,25560,10,success,水稻,稻瘟病,,1,1,0,0
part1,微信图片_2026-06-02_154019_336.jpg,水稻,螨类危害,虫害,Rice,Mite Damage,水稻，稻瘟病，稻飞虱,2.889,25560,16,success,水稻,稻瘟病,稻飞虱,1,1,0,0
part1,微信图片_2026-06-02_154124_376.jpg,水稻,白叶枯病,细菌病害,Rice,Bacterial Blight,水稻，稻瘟病,3.219,36894,10,success,水稻,稻瘟病,,1,1,0,0
part1,微信图片_2026-06-02_154222_512.jpg,水稻,稻曲病,真菌病害,Rice,False Smut,水稻，稻瘟病，稻飞虱,1.563,25560,16,success,水稻,稻瘟病,稻飞虱,1,1,0,0
part1,微信图片_2026-06-02_154218_257.jpg,水稻,稻曲病,真菌病害,Rice,False Smut,水稻，稻瘟病，稻飞虱,2.79,25560,16,success,水稻,稻瘟病,稻飞虱,1,1,0,0
part1,微信图片_2026-06-02_154809_264.jpg,水稻,叶鞘腐败病,真菌病害,Rice,Leaf Sheath Rot,水稻，稻瘟病,2.688,25560,10,success,水稻,稻瘟病,,1,1,0,0
part1,微信图片_2026-06-02_155406_521.jpg,水稻,条斑病,细菌病害,Rice,Stripe Blight,水稻，稻瘟病,1.874,25560,10,success,水稻,稻瘟病,,1,1,0,0
part1,微信图片_2026-06-02_155723_591.jpg,水稻,稻飞虱危害,虫害,Rice,Brown Planthopper Damage,水稻，稻飞虱，稻蝗,1.876,25560,15,success,水稻,稻飞虱,稻蝗,1,1,0,0
part1,微信图片_2026-06-02_161400_881.jpg,水稻,纹枯病,真菌病害,Rice,Sheath Blight,水稻，稻瘟病,2.063,25560,10,success,水稻,稻瘟病,,1,1,0,0
part1,微信图片_2026-06-02_161649_032.jpg,水稻,穗腐病,真菌病害,Rice,Ear Rot,水稻，稻瘟病,1.394,25560,10,success,水稻,稻瘟病,,1,1,0,0
part1,微信图片_2026-06-02_162037_392.jpg,荞麦,褐斑病,真菌病害,Buckwheat,Brown Spot,作物，叶斑病,1.246,25560,8,success,作物,叶斑病,,1,0,0,0
part1,微信图片_2026-06-02_162207_105.jpg,豌豆,炭疽病,真菌病害,Pea,Anthracnose,豌豆，叶斑病，蚜虫,1.994,25560,13,success,豌豆,叶斑病,蚜虫,1,1,0,0
part1,微信图片_2026-06-02_162603_094.png,豌豆,白粉病,真菌病害,Pea,Powdery Mildew,豌豆，白粉病,2.072,36894,8,success,豌豆,白粉病,,1,1,1,1
part1,微信图片_2026-06-02_162659_577.jpg,豌豆,根腐病,真菌病害,Pea,Root Rot,豌豆，黄化病,2.861,25560,8,success,豌豆,黄化病,,1,1,0,0
part1,微信图片_2026-06-02_164308_960.jpg,豌豆,炭疽病,真菌病害,Pea,Anthracnose,豇豆，叶斑病，豆荚螟,1.594,25560,16,success,豇豆,叶斑病,豆荚螟,1,0,0,0
part1,微信图片_2026-06-02_164403_857.jpg,豌豆,斑潜蝇,虫害,Pea,Leafminer Damage,水稻，纹枯病，稻飞虱,1.575,25560,15,success,水稻,纹枯病,稻飞虱,1,0,0,0
part1,微信图片_2026-06-02_164954_048.jpg,豌豆,霜霉病,卵菌病害,Pea,Downy Mildew,青菜，霜霉病,1.846,25560,9,success,青菜,霜霉病,,1,0,1,0
part1,微信图片_2026-06-02_165045_818.jpg,豌豆,霜霉病,卵菌病害,Pea,Downy Mildew,不明作物，霜霉病,2.733,25560,11,success,不明作物,霜霉病,,1,0,1,0
part1,微信图片_2026-06-02_165037_968.jpg,豌豆,霜霉病,卵菌病害,Pea,Downy Mildew,青菜，霜霉病,2.181,25560,9,success,青菜,霜霉病,,1,0,1,0
part1,微信图片_2026-06-02_165117_600.jpg,豌豆,蓟马,虫害,Pea,Thrips Damage,豌豆，霜霉病，蚜虫,1.922,25560,14,success,豌豆,霜霉病,蚜虫,1,1,0,0
part1,微信图片_2026-06-02_170340_287.jpg,豌豆,灰霉病,真菌病害,Pea,Gray Mold,豌豆，蚜虫，蚜虫,1.718,25560,12,success,豌豆,蚜虫,蚜虫,1,1,0,0
part1,微信图片_2026-06-02_170326_632.jpg,豌豆,灰霉病,真菌病害,Pea,Gray Mold,豌豆，病害，菜青虫,1.795,25560,11,success,豌豆,病害,菜青虫,1,1,0,0
part1,微信图片_2026-06-02_170522_536.jpg,豌豆,霜霉病,卵菌病害,Pea,Downy Mildew,豌豆，白粉病,1.653,36894,8,success,豌豆,白粉病,,1,1,0,0
part1,微信图片_2026-06-02_170517_520.jpg,豌豆,霜霉病,卵菌病害,Pea,Downy Mildew,豌豆，白粉病,1.564,36894,8,success,豌豆,白粉病,,1,1,0,0
part1,微信图片_2026-06-02_170527_320.jpg,豌豆,霜霉病,卵菌病害,Pea,Downy Mildew,豌豆，白粉病,1.207,36894,8,success,豌豆,白粉病,,1,1,0,0
part1,微信图片_2026-06-02_170723_937.jpg,豌豆,锈病,真菌病害,Pea,Rust,作物，白粉病,2.321,25560,7,success,作物,白粉病,,1,0,0,0
part1,微信图片_2026-06-02_170754_017.jpg,豌豆,白粉病,真菌病害,Pea,Powdery Mildew,豌豆，白粉病,1.756,25560,8,success,豌豆,白粉病,,1,1,1,1
part1,微信图片_2026-06-02_170816_721.jpg,豌豆,白粉病,真菌病害,Pea,Powdery Mildew,豌豆，白粉病，蚜虫,1.66,25560,12,success,豌豆,白粉病,蚜虫,1,1,1,1
part1,微信图片_2026-06-02_170922_442.jpg,豌豆,褐斑病,真菌病害,Pea,Brown Spot,豌豆，白粉病,1.361,25560,8,success,豌豆,白粉病,,1,1,0,0
part1,微信图片_2026-06-02_172006_624.jpg,玉米,穗腐病,真菌病害,Corn,Ear Rot,玉米，玉米螟,4.729,25560,9,success,玉米,玉米螟,,1,1,0,0
part1,微信图片_2026-06-02_172040_184.jpg,玉米,叶斑病,真菌病害,Corn,Leaf Spot,玉米，锈病,1.117,25560,7,success,玉米,锈病,,1,1,0,0
part1,微信图片_2026-06-02_172037_440.jpg,玉米,叶斑病,真菌病害,Corn,Leaf Spot,玉米，纹枯病,2.433,25560,8,success,玉米,纹枯病,,1,1,0,0
part1,微信图片_2026-06-02_172153_095.jpg,玉米,顶腐病,细菌病害,Corn,Top Rot,玉米，病害，玉米螟,1.418,25560,12,success,玉米,病害,玉米螟,1,1,0,0
part1,微信图片_2026-06-02_172148_968.jpg,玉米,顶腐病,细菌病害,Corn,Top Rot,玉米，茎腐病，玉米螟,1.458,25560,14,success,玉米,茎腐病,玉米螟,1,1,0,0
part1,微信图片_2026-06-02_172516_625.jpg,玉米,叶斑病,真菌病害,Corn,Leaf Spot,玉米，斑点病,2.387,25560,8,success,玉米,斑点病,,1,1,0,0
part1,微信图片_2026-06-02_172547_529.jpg,玉米,顶腐病,真菌病害,Corn,Top Rot,玉米，病害，玉米螟,1.562,25560,12,success,玉米,病害,玉米螟,1,1,0,0
part1,微信图片_2026-06-02_172815_106.jpg,玉米,褐斑病,真菌病害,Corn,Brown Spot,玉米，枯萎病,2.119,25560,9,success,玉米,枯萎病,,1,1,0,0
part1,微信图片_2026-06-02_172819_721.jpg,玉米,褐斑病,真菌病害,Corn,Brown Spot,玉米，玉米叶斑病,2.537,25560,10,success,玉米,玉米叶斑病,,1,1,0,0
part1,微信图片_2026-06-02_173009_912.jpg,玉米,大斑病,真菌病害,Corn,Northern Leaf Blight,玉米，灰斑病,1.682,25560,8,success,玉米,灰斑病,,1,1,0,0
part1,微信图片_2026-06-02_173015_817.jpg,玉米,大斑病,真菌病害,Corn,Northern Leaf Blight,玉米，灰斑病,4.4,25560,8,success,玉米,灰斑病,,1,1,0,0
part1,微信图片_2026-06-02_173042_440.jpg,玉米,棉铃虫危害,虫害,Corn,Bollworm Damage,玉米，玉米螟，玉米螟幼虫,2.332,36894,17,success,玉米,玉米螟,玉米螟幼虫,1,1,0,0
part1,微信图片_2026-06-02_173127_377.jpg,玉米,鞘腐病,真菌病害,Corn,Sheath Rot,玉米，蚜虫,1.342,36894,7,success,玉米,蚜虫,,1,1,0,0
part1,微信图片_2026-06-02_173221_584.jpg,玉米,炭疽病,真菌病害,Corn,Anthracnose,玉米，叶斑病,2.523,36894,8,success,玉米,叶斑病,,1,1,0,0
part1,微信图片_2026-06-02_173217_458.jpg,玉米,炭疽病,真菌病害,Corn,Anthracnose,玉米，叶斑病,1.322,36894,8,success,玉米,叶斑病,,1,1,0,0
part1,微信图片_2026-06-02_173228_112.jpg,玉米,炭疽病,真菌病害,Corn,Anthracnose,玉米，叶斑病,1.008,36894,8,success,玉米,叶斑病,,1,1,0,0
part1,微信图片_2026-06-02_173339_896.jpg,玉米,鞘腐病,真菌病害,Corn,Sheath Rot,玉米，叶斑病,1.384,25560,8,success,玉米,叶斑病,,1,1,0,0
part1,微信图片_2026-06-02_173448_137.jpg,玉米,大斑病,真菌病害,Corn,Northern Leaf Blight,玉米，灰斑病,2.611,25560,8,success,玉米,灰斑病,,1,1,0,0
part1,微信图片_2026-06-02_173452_168.jpg,玉米,大斑病,真菌病害,Corn,Northern Leaf Blight,玉米，病害，玉米螟,3.254,25560,12,success,玉米,病害,玉米螟,1,1,0,0
part1,微信图片_2026-06-02_173534_368.jpg,玉米,白粉病,真菌病害,Corn,Powdery Mildew,玉米，灰斑病，蚜虫,1.407,25560,12,success,玉米,灰斑病,蚜虫,1,1,0,0
part1,微信图片_2026-06-02_174417_440.jpg,燕麦,白粉病,真菌病害,Oat,Powdery Mildew,大葱，白斑病,3.301,25560,9,success,大葱,白斑病,,1,0,0,0
part1,微信图片_2026-06-02_174353_912.jpg,燕麦,白粉病,真菌病害,Oat,Powdery Mildew,小麦，白粉病,2.461,25560,7,success,小麦,白粉病,,1,0,1,0
part1,微信图片_2026-06-02_174431_937.jpg,燕麦,白粉病,真菌病害,Oat,Powdery Mildew,小麦，白粉病,2.695,25560,7,success,小麦,白粉病,,1,0,1,0
part1,微信图片_2026-06-02_174806_624.jpg,红薯,炭疽病,真菌病害,Sweet Potato,Anthracnose,豆类，枯萎病，蚜虫,1.401,25560,13,success,豆类,枯萎病,蚜虫,1,0,0,0
part1,微信图片_2026-06-02_174939_271.jpg,红薯,霜霉病,真菌病害,Sweet Potato,Downy Mildew,作物，白粉病,2.599,25560,7,success,作物,白粉病,,1,0,0,0
part1,微信图片_2026-06-02_175050_961.jpg,红薯,蚧壳虫,虫害,Sweet Potato,Scale Insect Damage,蔬菜，粉虱，白粉虱,2.249,48228,13,success,蔬菜,粉虱,白粉虱,1,0,0,0
part1,微信图片_2026-06-02_163618_664.jpg,番茄,叶霉病,真菌病害,Tomato,Leaf Mold,番茄，蚜虫,1.654,36894,8,success,番茄,蚜虫,,1,1,0,0
part1,微信图片_2026-06-02_163726_372.jpg,番茄,叶霉病,真菌病害,Tomato,Leaf Mold,番茄，灰霉病,1.952,25560,9,success,番茄,灰霉病,,1,1,0,0
part1,微信图片_2026-06-02_163738_699.jpg,番茄,叶霉病,真菌病害,Tomato,Leaf Mold,番茄，灰霉病,1.379,25560,9,success,番茄,灰霉病,,1,1,0,0
part1,微信图片_2026-06-02_163743_044.jpg,番茄,叶霉病,真菌病害,Tomato,Leaf Mold,番茄，叶斑病,2.006,25560,9,success,番茄,叶斑病,,1,1,0,0
part1,微信图片_2026-06-02_163821_540.jpg,番茄,叶霉病,真菌病害,Tomato,Leaf Mold,番茄，叶斑病,2.254,25560,9,success,番茄,叶斑病,,1,1,0,0
part1,微信图片_2026-06-02_165609_210.jpg,番茄,病毒病,感染性病害,Tomato,Viral Disease,番茄，病毒病，蚜虫,1.399,25560,11,success,番茄,病毒病,蚜虫,1,1,1,1
part1,微信图片_2026-06-02_165617_218.jpg,番茄,病毒病,感染性病害,Tomato,Viral Disease,番茄，黄化病，蚜虫,1.889,25560,12,success,番茄,黄化病,蚜虫,1,1,0,0
part1,微信图片_2026-06-02_165621_410.jpg,番茄,病毒病,感染性病害,Tomato,Viral Disease,番茄，病毒病,2.011,25560,7,success,番茄,病毒病,,1,1,1,1
part1,微信图片_2026-06-02_170246_368.jpg,生菜,炭疽病,真菌病害,Lettuce,Anthracnose,生菜，黑斑病,3.275,25560,8,success,生菜,黑斑病,,1,1,0,0
part1,微信图片_2026-06-02_170308_119.jpg,生菜,炭疽病,真菌病害,Lettuce,Anthracnose,生菜，黑斑病,1.213,25560,8,success,生菜,黑斑病,,1,1,0,0
part1,微信图片_2026-06-02_170310_767.jpg,生菜,炭疽病,真菌病害,Lettuce,Anthracnose,生菜，黑斑病,1.883,25560,8,success,生菜,黑斑病,,1,1,0,0
part1,微信图片_2026-06-02_170812_130.jpg,茨菇,炭疽病,真菌病害,Arrowhead,Anthracnose,水芹，叶斑病,2.165,25560,9,success,水芹,叶斑病,,1,0,0,0
part1,微信图片_2026-06-02_171329_780.jpg,罗勒,蓟马,蓟马虫害,Basil,Thrips,作物，白粉病,2.938,25560,7,success,作物,白粉病,,1,0,0,0
part1,微信图片_2026-06-02_171431_498.jpg,生菜,细菌病,细菌性病害,Lettuce,Bacterial Disease,生菜，霜霉病，蚜虫,1.942,25560,13,success,生菜,霜霉病,蚜虫,1,1,0,0
part1,微信图片_2026-06-02_171557_446.jpg,上海青,黑腐病,细菌性病害,Shanghai Greens,Black Rot,小白菜，霜霉病,2.099,25560,9,success,小白菜,霜霉病,,1,0,0,0
part1,微信图片_2026-06-02_171601_557.jpg,上海青,黑腐病,细菌性病害,Shanghai Greens,Black Rot,小白菜，霜霉病,1.578,25560,9,success,小白菜,霜霉病,,1,0,0,0
part1,微信图片_2026-06-02_171759_864.jpg,花椰菜,霜霉病,细菌性病害,Cauliflower,Downy Mildew,卷心菜，黑腐病,1.638,25560,8,success,卷心菜,黑腐病,,1,0,0,0
part1,微信图片_2026-06-02_171803_455.jpg,花椰菜,霜霉病,细菌性病害,Cauliflower,Downy Mildew,甘蓝，黑腐病,1.468,25560,7,success,甘蓝,黑腐病,,1,0,0,0
part1,微信图片_2026-06-02_171921_156.jpg,葱,霜霉病,细菌性病害,Scallion,Downy Mildew,葱，白斑病,2.174,25560,8,success,葱,白斑病,,1,1,0,0
part1,微信图片_2026-06-02_171924_853.jpg,葱,霜霉病,细菌性病害,Scallion,Downy Mildew,葱，黄化病,1.736,25560,7,success,葱,黄化病,,1,1,0,0
part1,微信图片_2026-06-02_172335_265.jpg,空心菜,霜霉病,细菌性病害,Water Spinach,Downy Mildew,豆类，黄叶病,1.744,48228,7,success,豆类,黄叶病,,1,0,0,0
part1,微信图片_2026-06-02_172339_009.jpg,空心菜,霜霉病,细菌性病害,Water Spinach,Downy Mildew,菠菜，病毒病,1.905,48228,5,success,菠菜,病毒病,,1,0,0,0
part1,微信图片_2026-06-02_172433_678.jpg,油菜,炭疽病,真菌病害,Rapeseed,Anthracnose,作物，病害,1.728,25560,6,success,作物,病害,,1,0,0,0
part1,微信图片_2026-06-02_172638_201.jpg,油菜,炭疽病,真菌病害,Rapeseed,Anthracnose,作物，病害，蚜虫,3.738,25560,10,success,作物,病害,蚜虫,1,0,0,0
part1,微信图片_2026-06-02_172732_494.jpg,白菜,霜霉病,细菌性病害,Chinese Cabbage,Downy Mildew,白菜，白粉病,1.512,25560,6,success,白菜,白粉病,,1,1,0,0
part1,微信图片_2026-06-02_172935_040.jpg,空心菜,白锈病,真菌病害,Water Spinach,White Rust,"马齿苋，白粉病  
马齿苋，斑点病",2.99,48228,22,success,马齿苋,白粉病马齿苋,斑点病,1,0,0,0
part1,微信图片_2026-06-02_172942_673.jpg,空心菜,白锈病,真菌病害,Water Spinach,White Rust,豆类，白粉病，蚜虫,2.245,48228,11,success,豆类,白粉病,蚜虫,1,0,0,0
part1,微信图片_2026-06-02_173054_957.jpg,油菜,霜霉病,细菌性病害,Rapeseed,Downy Mildew,甘蓝，白粉病，蚜虫,1.537,48228,11,success,甘蓝,白粉病,蚜虫,1,0,0,0
part1,微信图片_2026-06-02_173101_245.jpg,油菜,霜霉病,细菌性病害,Rapeseed,Downy Mildew,菠菜，白粉病,2.232,48228,6,success,菠菜,白粉病,,1,0,0,0
part1,微信图片_2026-06-02_173221_353.jpg,莴苣,霜霉病,细菌性病害,Stem Lettuce,Downy Mildew,生菜，霜霉病,2.264,25560,9,success,生菜,霜霉病,,1,0,1,0
part1,微信图片_2026-06-02_173228_905.jpg,莴苣,霜霉病,细菌性病害,Stem Lettuce,Downy Mildew,生菜，枯萎病，菜青虫,1.615,25560,13,success,生菜,枯萎病,菜青虫,1,0,0,0
part1,微信图片_2026-06-02_173317_119.jpg,苦荞麦,霜霉病,细菌性病害,Tartary Buckwheat,Downy Mildew,作物，蚜虫,1.876,36894,7,success,作物,蚜虫,,1,0,0,0
part1,微信图片_2026-06-02_173405_636.jpg,莴苣,霜霉病,细菌性病害,Lettuce,Downy Mildew,生菜，白粉病,1.454,25560,7,success,生菜,白粉病,,1,0,0,0
part1,微信图片_2026-06-02_173443_907.jpg,白菜,霜霉病,细菌性病害,Chinese Cabbage,Downy Mildew,白菜，霜霉病,1.639,25560,8,success,白菜,霜霉病,,1,1,1,1
part1,微信图片_2026-06-02_173447_419.jpg,白菜,霜霉病,细菌性病害,Chinese Cabbage,Downy Mildew,白菜，霜霉病，蚜虫,2.219,25560,12,success,白菜,霜霉病,蚜虫,1,1,1,1
part1,微信图片_2026-06-02_173455_859.jpg,白菜,霜霉病,细菌性病害,Chinese Cabbage,Downy Mildew,白菜，病毒病,2.251,25560,5,success,白菜,病毒病,,1,1,0,0
part1,微信图片_2026-06-02_173500_874.jpg,白菜,霜霉病,细菌性病害,Chinese Cabbage,Downy Mildew,白菜，白粉病,1.36,25560,6,success,白菜,白粉病,,1,1,0,0
part1,微信图片_2026-06-02_173614_168.jpg,白菜,叶甲,叶甲虫害,Chinese Cabbage,Leaf Beetle,菠菜，蚜虫,1.656,25560,6,success,菠菜,蚜虫,,1,0,0,0
part1,微信图片_2026-06-02_173618_622.jpg,白菜,叶甲,叶甲虫害,Chinese Cabbage,Leaf Beetle,生菜，虫害，菜青虫,1.383,25560,10,success,生菜,虫害,菜青虫,1,0,0,0
part1,微信图片_2026-06-02_173752_659.jpg,韭菜,疫病,真菌病害,Chinese Chive,Phytophthora Blight,韭菜，霜霉病,4.1,48228,10,success,韭菜,霜霉病,,1,1,0,0
part1,微信图片_2026-06-02_174048_563.jpg,香菜,斑枯病,真菌病害,Cilantro,Septoria Leaf Spot,香菜，白粉病,1.896,36894,7,success,香菜,白粉病,,1,1,0,0
part1,微信图片_2026-06-02_174053_866.jpg,香菜,斑枯病,真菌病害,Cilantro,Septoria Leaf Spot,香菜，白粉病，蚜虫,2.128,36894,11,success,香菜,白粉病,蚜虫,1,1,0,0
part1,微信图片_2026-06-02_174721_481.jpg,香菜,斑枯病,真菌病害,Cilantro,Septoria Leaf Spot,小白菜，黑腐病,1.264,36894,7,success,小白菜,黑腐病,,1,0,0,0
part1,微信图片_2026-06-02_174929_043.jpg,白菜,白斑病,真菌病害,Chinese Cabbage,White Spot,生菜，霜霉病,1.848,25560,9,success,生菜,霜霉病,,1,0,0,0
part1,微信图片_2026-06-02_175053_696.jpg,白菜,白斑病,真菌病害,Chinese Cabbage,White Spot,菠菜，白粉病,1.747,25560,6,success,菠菜,白粉病,,1,0,0,0
part1,微信图片_2026-06-02_175229_052.jpg,芹菜,斑枯病,真菌病害,Celery,Septoria Leaf Spot,芹菜，黄化病，蚜虫,3.221,48228,12,success,芹菜,黄化病,蚜虫,1,1,0,0
part1,微信图片_2026-06-02_175237_403.jpg,芹菜,斑枯病,真菌病害,Celery,Septoria Leaf Spot,香菜，霜霉病,2.55,48228,9,success,香菜,霜霉病,,1,0,0,0
part1,微信图片_2026-06-02_175442_173.jpg,莴苣,斑潜蝇,斑潜蝇虫害,Stem Lettuce,Leafminer,生菜，叶螨，红蜘蛛,1.932,25560,11,success,生菜,叶螨,红蜘蛛,1,0,0,0
part1,微信图片_2026-06-02_175546_810.jpg,散花,霜霉病,细菌性病害,Chrysanthemum,Downy Mildew,甘蓝，白粉病,1.816,48228,7,success,甘蓝,白粉病,,1,0,0,0
part2,微信图片_2026-06-02_175642_976.jpg,芹菜,软霉病,细菌性病害,Celery,Soft Mold,西葫芦，茎腐病，蚜虫,1.091,25560,15,success,西葫芦,茎腐病,蚜虫,1,0,0,0
part2,微信图片_2026-06-02_175758_149.jpg,油麦菜,软霉病,细菌性病害,Romaine Lettuce,Soft Mold,生菜，根腐病,2.055,48228,7,success,生菜,根腐病,,1,0,0,0
part2,微信图片_2026-06-02_175845_794.jpg,芹菜,软霉病,细菌性病害,Celery,Soft Mold,芹菜，霜霉病,3.544,25560,10,success,芹菜,霜霉病,,1,1,0,0
part2,微信图片_2026-06-02_175928_369.jpg,莴苣,霜霉病,细菌性病害,Stem Lettuce,Downy Mildew,生菜，霜霉病,2.56,25560,9,success,生菜,霜霉病,,1,0,1,0
part2,微信图片_2026-06-02_180037_094.jpg,白菜,软腐病,细菌性病害,Chinese Cabbage,Soft Rot,生菜，霜霉病，蚜虫,1.41,25560,13,success,生菜,霜霉病,蚜虫,1,0,0,0
part2,微信图片_2026-06-02_180040_822.jpg,白菜,软腐病,细菌性病害,Chinese Cabbage,Soft Rot,白菜，霜霉病，蚜虫,1.844,36894,12,success,白菜,霜霉病,蚜虫,1,1,0,0
part2,微信图片_2026-06-02_180222_952.jpg,枸杞,蚧壳虫,蚧壳虫害,Wolfberry,Scale Insect,菠菜，蚧虫,1.409,25560,6,success,菠菜,蚧虫,,1,0,0,0
part2,微信图片_2026-06-02_180227_898.jpg,枸杞,蚧壳虫,蚧壳虫害,Wolfberry,Scale Insect,菠菜，蚜虫,2.006,25560,6,success,菠菜,蚜虫,,1,0,0,0
part2,微信图片_2026-06-02_180736_835.jpg,葱,疫病,真菌病害,Scallion,Phytophthora Blight,葱，病毒病,3.096,25560,6,success,葱,病毒病,,1,1,0,0
part2,微信图片_2026-06-02_180742_259.jpg,葱,疫病,真菌病害,Scallion,Phytophthora Blight,葱，霜霉病,2.164,25560,9,success,葱,霜霉病,,1,1,0,0
part2,微信图片_2026-06-02_180818_761.jpg,韭菜,灰霉病,真菌病害,Chinese Chive,Gray Mold,大蒜，白腐病,1.397,25560,8,success,大蒜,白腐病,,1,0,0,0
part2,微信图片_2026-06-02_180826_329.jpg,韭菜,灰霉病,真菌病害,Chinese Chive,Gray Mold,大葱，病毒病,3.609,25560,7,success,大葱,病毒病,,1,0,0,0
part2,微信图片_2026-06-02_181000_381.jpg,白菜,白锈病,真菌病害,Chinese Cabbage,White Rust,白菜，蚜虫,1.012,36894,6,success,白菜,蚜虫,,1,1,0,0
part2,微信图片_2026-06-02_181118_241.jpg,白菜,霜霉病,细菌性病害,Chinese Cabbage,Downy Mildew,甘蓝，黑腐病,1.858,48228,7,success,甘蓝,黑腐病,,1,0,0,0
part2,微信图片_2026-06-02_181307_117.jpg,菠菜,痿螨,痿螨虫害,Spinach,Eriophyid Mite,菠菜，白粉病,2.662,25560,6,success,菠菜,白粉病,,1,1,0,0
part2,微信图片_2026-06-02_181434_528.jpg,葱,蓟马,蓟马虫害,Scallion,Thrips,葱，蚜虫,1.837,25560,7,success,葱,蚜虫,,1,1,0,0
part2,微信图片_2026-06-02_181620_923.jpg,大蒜,叶枯病,真菌病害,Garlic,Leaf Blight,小麦，白粉病,1.925,25560,7,success,小麦,白粉病,,1,0,0,0
part2,微信图片_2026-06-02_181730_473.jpg,白菜,黑斑病,真菌病害,Chinese Cabbage,Black Spot,白菜，霜霉病,2.295,25560,8,success,白菜,霜霉病,,1,1,0,0
part2,微信图片_2026-06-02_181831_485.jpg,油菜,霜霉病,细菌性病害,Rapeseed,Downy Mildew,甘蓝，白粉病,1.646,25560,7,success,甘蓝,白粉病,,1,0,0,0
part2,微信图片_2026-06-02_182008_217.jpg,芥菜,霜霉病,细菌性病害,Mustard Greens,Downy Mildew,作物，霜霉病，菜青虫,1.615,25560,13,success,作物,霜霉病,菜青虫,1,0,1,0
part2,微信图片_2026-06-02_182104_983.jpg,生菜,软腐病,细菌性病害,Lettuce,Soft Rot,莴苣，根腐病，蚜虫,1.796,25560,13,success,莴苣,根腐病,蚜虫,1,0,0,0
part2,微信图片_2026-06-02_182112_150.jpg,生菜,软腐病,细菌性病害,Lettuce,Soft Rot,生菜，霜霉病,2.657,25560,9,success,生菜,霜霉病,,1,1,0,0
part2,微信图片_2026-06-02_182225_620.jpg,芹菜,黏菌病,真菌病害,Celery,Slime Mold,芹菜，黑斑病，蚜虫,1.795,36894,13,success,芹菜,黑斑病,蚜虫,1,1,0,0
part2,微信图片_2026-06-02_182347_112.jpg,油麦菜,蚜虫,蚜虫虫害,Romaine Lettuce,Aphid,生菜，蚜虫，红色蚜虫,1.856,48228,13,success,生菜,蚜虫,红色蚜虫,1,0,1,0
part2,微信图片_2026-06-02_182350_944.jpg,油麦菜,蚜虫,蚜虫虫害,Romaine Lettuce,Aphid,生菜，蚜虫,2.619,48228,7,success,生菜,蚜虫,,1,0,1,0
part2,微信图片_2026-06-02_182446_934.jpg,油麦菜,霜霉病,细菌性病害,Romaine Lettuce,Downy Mildew,作物，霜霉病,2.227,25560,9,success,作物,霜霉病,,1,0,1,0
part2,微信图片_2026-06-02_182451_750.jpg,油麦菜,霜霉病,细菌性病害,Romaine Lettuce,Downy Mildew,莴苣，霜霉病,1.617,25560,11,success,莴苣,霜霉病,,1,0,1,0
part2,微信图片_2026-06-02_182541_874.jpg,油菜,根腐病,真菌病害,Rapeseed Flower,Root Rot,甘蓝，根腐病,3.137,25560,7,success,甘蓝,根腐病,,1,0,1,0
part2,微信图片_2026-06-02_182659_607.jpg,菠菜,霜霉病,霜霉病,Spinach,Downy Mildew,菠菜，白粉病,1.512,36894,6,success,菠菜,白粉病,,1,1,0,0
part2,微信图片_2026-06-03_104936_655.jpg,豆角,斑枯病,真菌病害,String Bean,Septoria Leaf Spot,作物，病害,2.202,36894,6,success,作物,病害,,1,0,0,0
part2,微信图片_2026-06-03_105431_353.jpg,玉米,茎腐病,细菌性病害,Corn,Stalk Rot,玉米，根腐病,1.566,25560,7,success,玉米,根腐病,,1,1,0,0
part2,微信图片_2026-06-03_105445_096.jpg,玉米,茎腐病,细菌性病害,Corn,Stalk Rot,玉米，根腐病,1.705,25560,7,success,玉米,根腐病,,1,1,0,0
part2,微信图片_2026-06-03_105839_222.jpg,甘蓝,菌核病,真菌病害,Cabbage,Sclerotinia Rot,白菜，霜霉病,2.748,36894,8,success,白菜,霜霉病,,1,0,0,0
part2,微信图片_2026-06-03_105843_278.jpg,甘蓝,菌核病,真菌病害,Cabbage,Sclerotinia Rot,卷心菜，病毒病,1.025,25560,7,success,卷心菜,病毒病,,1,0,0,0
part2,微信图片_2026-06-03_111332_262.jpg,白菜,蚜虫,蚜虫虫害,Chinese Cabbage,Aphid,白菜，蚜虫,1.322,25560,6,success,白菜,蚜虫,,1,1,1,1
part2,微信图片_2026-06-03_111444_971.jpg,红薯,蚜虫,蚜虫虫害,Sweet Potato Leaf,Aphid,植物，蚜虫,1.277,25560,6,success,植物,蚜虫,,1,0,1,0
part2,微信图片_2026-06-03_111610_055.jpg,红薯,蚜虫,蚜虫虫害,Sweet Potato Leaf,Aphid,豆类，蚜虫,3.981,25560,7,success,豆类,蚜虫,,1,0,1,0
part2,微信图片_2026-06-03_112021_795.jpg,黄瓜,霜霉病,真菌病害,Cucumber,Downy Mildew,黄瓜，黄化病,1.7,25560,7,success,黄瓜,黄化病,,1,1,0,0
part2,微信图片_2026-06-03_112026_995.jpg,黄瓜,霜霉病,真菌病害,Cucumber,Downy Mildew,黄瓜，黄叶病,2.436,25560,7,success,黄瓜,黄叶病,,1,1,0,0
part2,微信图片_2026-06-03_112031_315.jpg,黄瓜,霜霉病,真菌病害,Cucumber,Downy Mildew,黄瓜，黄叶病,1.79,25560,7,success,黄瓜,黄叶病,,1,1,0,0
part2,微信图片_2026-06-03_112037_683.jpg,黄瓜,霜霉病,真菌病害,Cucumber,Downy Mildew,黄瓜，黄叶病,2.271,36894,7,success,黄瓜,黄叶病,,1,1,0,0
part2,微信图片_2026-06-03_112235_894.jpg,黄瓜,黑星病,真菌病害,Cucumber,Black Scab,黄瓜，霜霉病,2.024,25560,9,success,黄瓜,霜霉病,,1,1,0,0
part2,微信图片_2026-06-03_112239_662.jpg,黄瓜,黑星病,真菌病害,Cucumber,Black Scab,黄瓜，白粉病,2.303,25560,7,success,黄瓜,白粉病,,1,1,0,0
part2,微信图片_2026-06-03_112245_213.jpg,黄瓜,黑星病,真菌病害,Cucumber,Black Scab,黄瓜，白粉病,2.49,25560,7,success,黄瓜,白粉病,,1,1,0,0
part2,微信图片_2026-06-03_130704_672.jpg,苦瓜,根腐病,真菌病害,Bitter Melon,Root Rot,作物，根腐病,2.624,25560,7,success,作物,根腐病,,1,0,1,0
part2,微信图片_2026-06-03_130708_560.jpg,苦瓜,根腐病,真菌病害,Bitter Melon,Root Rot,作物，根腐病,2.004,25560,7,success,作物,根腐病,,1,0,1,0
part2,微信图片_2026-06-03_135800_961.jpg,西葫芦,花腐病,真菌病害,Zucchini,Flower Rot,南瓜，枯萎病,1.784,25560,9,success,南瓜,枯萎病,,1,0,0,0
part2,微信图片_2026-06-03_140029_794.jpg,黄瓜,病毒病,病毒病害,Cucumber,Viral Disease,黄瓜，白粉病,3.932,25560,7,success,黄瓜,白粉病,,1,1,0,0
part2,微信图片_2026-06-03_140034_889.jpg,黄瓜,病毒病,病毒病害,Cucumber,Viral Disease,黄瓜，白粉病,1.47,25560,7,success,黄瓜,白粉病,,1,1,0,0
part2,微信图片_2026-06-03_140311_483.jpg,南瓜,枯萎病,真菌病害,Pumpkin,Fusarium Wilt,黄瓜，黄瓜花叶病毒，蚜虫,1.44,25560,13,success,黄瓜,黄瓜花叶病毒,蚜虫,1,0,0,0
part2,微信图片_2026-06-03_140506_397.jpg,南瓜,白粉病,真菌病害,Pumpkin,Powdery Mildew,南瓜，白粉病,2.18,25560,7,success,南瓜,白粉病,,1,1,1,1
part2,微信图片_2026-06-03_091551_942.jpg,山药,叶斑病,真菌性病害,Yam,Leaf Spot,豆类，白粉病，蚜虫,1.025,25560,11,success,豆类,白粉病,蚜虫,1,0,0,0
part2,微信图片_2026-06-03_092723_438.jpg,小麦,颖枯病,真菌性病害,Wheat,Glume Blotch,小麦，白粉病，麦蚜,1.873,25560,11,success,小麦,白粉病,麦蚜,1,1,0,0
part2,微信图片_2026-06-03_093036_198.jpg,豆角,病毒病,病毒性病害,String Bean,Viral Disease,豆类，病毒病,1.51,25560,6,success,豆类,病毒病,,1,0,1,0
part2,微信图片_2026-06-03_093553_773.jpg,玉米,缺锌生理病害,生理性缺素病害,Corn,Zinc Deficiency,玉米，病害，玉米螟,2.918,48228,12,success,玉米,病害,玉米螟,1,1,0,0
part2,微信图片_2026-06-03_093930_598.jpg,草莓,细菌性断头病,细菌性病害,Strawberry,Bacterial Top Rot,作物，根腐病，根蛆,2.531,25560,11,success,作物,根腐病,根蛆,1,0,0,0
part2,微信图片_2026-06-03_094103_550.jpg,西瓜,霜霉病,真菌性侵染病害,Watermelon,Downy Mildew,西瓜，白粉病,2.066,25560,7,success,西瓜,白粉病,,1,1,0,0
part2,微信图片_2026-06-03_094252_894.jpg,茭白,纹枯病,真菌性病害,Water Bamboo,Sheath Blight,玉米，根腐病,1.266,25560,7,success,玉米,根腐病,,1,0,0,0
part2,微信图片_2026-06-03_094358_111.jpg,番茄,轮纹斑病,真菌性病害,Cherry Tomato,Ring Spot,番茄，黄化病，蚜虫,6.048,25560,12,success,番茄,黄化病,蚜虫,1,1,0,0
part2,微信图片_2026-06-03_094511_269.jpg,甜瓜,病毒病,病毒性侵染病害,Melon,Viral Disease,黄瓜，白粉病,2.583,25560,7,success,黄瓜,白粉病,,1,0,0,0
part2,微信图片_2026-06-03_094617_381.jpg,核桃,黑疤病,细菌性病害,Walnut,Black Scar,橄榄，果实腐烂病,1.747,48228,12,success,橄榄,果实腐烂病,,1,0,0,0
part2,微信图片_2026-06-03_094724_998.jpg,冬瓜,蔓枯病,真菌性病害,Winter Melon,Gummy Stem Blight,作物，病害，虫种,1.451,25560,9,success,作物,病害,虫种,1,0,0,0
part2,微信图片_2026-06-03_094950_342.jpg,水稻,烂秧病,真菌性病害,Rice Seedling,Seedling Blight,小麦，根腐病，地下害虫,1.598,25560,11,success,小麦,根腐病,地下害虫,1,0,0,0
part2,微信图片_2026-06-03_095048_926.jpg,苹果,根腐病,真菌性土传侵染病害,Apple Tree,Root Rot,苹果，枯萎病,1.586,36894,8,success,苹果,枯萎病,,1,1,0,0
part2,微信图片_2026-06-03_095500_238.jpg,猕猴桃,褐斑病,真菌性病害,Kiwifruit,Brown Spot,作物，叶斑病,1.439,25560,8,success,作物,叶斑病,,1,0,0,0
part2,微信图片_2026-06-03_100539_291.jpg,烟草,病毒病,病毒性侵染病害,Tobacco,Viral Disease,烟草，病毒病，烟草蚜虫,2.119,25560,12,success,烟草,病毒病,烟草蚜虫,1,1,1,1
part2,微信图片_2026-06-03_100652_428.jpg,南瓜,霜霉病,低等真菌性侵染病害,Pumpkin,Downy Mildew,南瓜，白粉病,2.544,25560,7,success,南瓜,白粉病,,1,1,0,0
part2,微信图片_2026-06-03_100835_228.jpg,西瓜,白粉病,真菌性病害,Watermelon,Powdery Mildew,西瓜，病害，蚜虫,1.423,25560,10,success,西瓜,病害,蚜虫,1,1,0,0
part2,微信图片_2026-06-03_101655_332.jpg,枇杷,日灼病,非侵染性生理性病害,Loquat,Sunscald,作物，病害,1.633,25560,6,success,作物,病害,,1,0,0,0
part2,微信图片_2026-06-03_101827_619.jpg,柑橘,黄龙病,细菌性病害,Citrus,Huanglongbing,柠檬，黄化病,1.641,25560,9,success,柠檬,黄化病,,1,0,0,0
part2,微信图片_2026-06-03_102024_260.jpg,甘蔗,胡麻叶斑病,真菌性侵染病害,Sugarcane,Sesame Leaf Spot,甘蔗，红叶病,3.67,25560,8,success,甘蔗,红叶病,,1,1,0,0
part2,微信图片_2026-06-03_102213_100.jpg,葡萄,霜霉病,低等真菌性侵染病害,Grape,Downy Mildew,葡萄，霜霉病,1.719,25560,9,success,葡萄,霜霉病,,1,1,1,1
part2,微信图片_2026-06-03_102343_916.jpg,番茄,晚疫病,低等真菌病害,Tomato,Late Blight,番茄，枯萎病,2.942,36894,10,success,番茄,枯萎病,,1,1,0,0
part2,微信图片_2026-06-03_102437_530.jpg,茶,炭疽病,真菌性侵染病害,Tea,Anthracnose,作物，病害,2.095,25560,6,success,作物,病害,,1,0,0,0
part2,微信图片_2026-06-03_102529_475.jpg,桃,果腐病,真菌性侵染病害,Peach,Fruit Rot,作物，霉病,1.802,25560,7,success,作物,霉病,,1,0,0,0
part2,微信图片_2026-06-03_102628_171.jpg,桃,根腐病,真菌性土传侵染病害,Peach Tree,Root Rot,桃树，叶斑病，蚜虫,1.48,25560,12,success,桃树,叶斑病,蚜虫,1,0,0,0
part2,微信图片_2026-06-03_102740_739.jpg,玉米,大斑病,真菌性侵染病害,Corn,Northern Leaf Blight,小麦，条锈病,1.011,25560,8,success,小麦,条锈病,,1,0,0,0
part2,微信图片_2026-06-03_102843_659.jpg,番茄,炭疽病,真菌性侵染病害,Tomato,Anthracnose,番茄，果腐病,1.122,36894,8,success,番茄,果腐病,,1,1,0,0
part2,微信图片_2026-06-03_103113_715.jpg,番茄,猝倒病,低等真菌土传病害,Tomato,Damping-off,马铃薯，蚜虫,2.025,25560,9,success,马铃薯,蚜虫,,1,0,0,0
part2,微信图片_2026-06-03_103236_715.jpg,辣椒,畸形果,非侵染性生理性病害,String Pepper,Fruit Deformity,辣椒，根腐病,1.6,25560,7,success,辣椒,根腐病,,1,1,0,0
part2,微信图片_2026-06-03_103330_170.jpg,桃,缩叶病,真菌性侵染病害,Peach Tree,Peach Leaf Curl,桃树，桃小食心虫，桃树叶卷虫,2.025,25560,15,success,桃树,桃小食心虫,桃树叶卷虫,1,0,0,0
part2,微信图片_2026-06-03_103535_692.jpg,小麦,条锈病,真菌性气流传播病害,Wheat,Stripe Rust,小麦，条锈病,1.449,25560,8,success,小麦,条锈病,,1,1,1,1
part2,微信图片_2026-06-03_103748_371.jpg,桃,细菌性穿孔病,细菌性侵染病害,Peach Tree,Bacterial Shot Hole,桃树，叶斑病，蚜虫,1.237,25560,12,success,桃树,叶斑病,蚜虫,1,0,0,0
part2,微信图片_2026-06-03_103850_418.jpg,番茄,早疫病,真菌性侵染病害,Tomato,Early Blight,菠菜，霜霉病,1.903,25560,8,success,菠菜,霜霉病,,1,0,0,0
part2,微信图片_2026-06-03_103958_466.jpg,番茄,茶色果,非侵染性生理性病害,Tomato,Tea-colored Fruit,番茄，果实腐烂。,2.003,25560,11,success,番茄,果实腐烂。,,1,1,0,0
part2,微信图片_2026-06-03_104213_939.jpg,白菜,软腐病,细菌性土传病害,Chinese Cabbage,Soft Rot,生菜，霜霉病，蚜虫,1.713,25560,13,success,生菜,霜霉病,蚜虫,1,0,0,0
part2,微信图片_2026-06-03_104404_954.jpg,葡萄,褐斑病,真菌性侵染病害,Grape,Brown Spot,葡萄，霜霉病,1.336,36894,9,success,葡萄,霜霉病,,1,1,0,0
part2,微信图片_2026-06-03_104501_323.jpg,茄子,日灼病,非侵染性生理性病害,Eggplant,Sunscald,茄子，茄腐病,3.116,25560,9,success,茄子,茄腐病,,1,1,0,0
part2,微信图片_2026-06-03_104556_202.jpg,草莓,茎基腐病,真菌性土传侵染病害,Strawberry,Stem Base Rot,作物，根腐病，根蛆,1.73,25560,11,success,作物,根腐病,根蛆,1,0,0,0
part2,微信图片_2026-06-03_104704_963.jpg,豆角,炭疽病,真菌性侵染病害,French Bean,Anthracnose,豆类，斑点病,2.179,25560,8,success,豆类,斑点病,,1,0,0,0
part2,微信图片_2026-06-03_104808_874.jpg,瓜栗,叶尖叶缘枯焦,非侵染性生理性病害,Malabar Chestnut,Leaf Tip Burn,作物，黄叶病,1.504,25560,7,success,作物,黄叶病,,1,0,0,0
part2,微信图片_2026-06-03_104911_235.jpg,大蒜,叶枯病,真菌性侵染病害,Garlic,Leaf Blight,大蒜，黄叶病,4.882,25560,8,success,大蒜,黄叶病,,1,1,0,0
part2,微信图片_2026-06-03_105038_403.jpg,草莓,白粉病,真菌性侵染病害,Strawberry,Powdery Mildew,草莓，白粉病，蚜虫,1.678,25560,11,success,草莓,白粉病,蚜虫,1,1,1,1
part2,微信图片_2026-06-03_105152_284.jpg,油菜,菌核病,真菌性土传侵染病害,Rapeseed,Sclerotinia Rot,甘蓝，霜霉病,2.889,25560,9,success,甘蓝,霜霉病,,1,0,0,0
part2,微信图片_2026-06-03_105459_068.jpg,甜瓜,细菌性角斑病,细菌性侵染病害,Melon,Angular Leaf Spot,南瓜，霜霉病,1.274,25560,9,success,南瓜,霜霉病,,1,0,0,0
part2,微信图片_2026-06-03_105547_948.jpg,甜瓜,青枯病,细菌性病害,Melon,Bacterial Wilt,辣椒，黄化病，蚜虫,1.696,25560,11,success,辣椒,黄化病,蚜虫,1,0,0,0
part2,微信图片_2026-06-03_105703_810.jpg,草莓, 缺磷,生理性缺素病害,Strawberry,Phosphorus Deficiency,草莓，叶斑病,1.876,25560,8,success,草莓,叶斑病,,1,1,0,0
part2,微信图片_2026-06-03_110019_228.jpg,草莓,灰霉病,真菌性侵染病害,Strawberry,Gray Mold,草莓，灰霉病,1.504,25560,8,success,草莓,灰霉病,,1,1,1,1
part2,微信图片_2026-06-03_110127_508.jpg,番茄,灰霉病,真菌性侵染病害,Tomato,Gray Mold,作物，灰霉病,1.024,25560,8,success,作物,灰霉病,,1,0,1,0
part2,微信图片_2026-06-03_110205_819.jpg,茄子,白粉病,真菌性病害,Eggplant,Powdery Mildew,作物，白粉病,1.376,36894,7,success,作物,白粉病,,1,0,1,0
part2,微信图片_2026-06-03_110331_234.jpg,番茄,溃疡病,细菌性病害,Tomato,Canker on Fruit,番茄，白粉病,1.215,48228,8,success,番茄,白粉病,,1,1,0,0
part2,微信图片_2026-06-03_130414_121.jpg,草莓,缺铁,非侵染性生理性病害,Strawberry,Iron Deficiency Chlorosis,草莓，黄化病，蚜虫,2.418,25560,11,success,草莓,黄化病,蚜虫,1,1,0,0
part2,微信图片_2026-06-03_130513_320.jpg,豌豆,根腐病,真菌性土传侵染病害,Pea,Root Rot,黄豆，病害。,1.714,48228,7,success,黄豆,病害。,,1,0,0,0
part2,微信图片_2026-06-03_130628_751.jpg,花椰菜,软腐病,细菌性侵染病害,Cauliflower,Soft Rot,花椰菜，白粉病，菜青虫,3.307,48228,13,success,花椰菜,白粉病,菜青虫,1,1,0,0
part2,微信图片_2026-06-03_131007_935.jpg,番茄,晚疫病,卵菌纲真菌性侵染病害,Tomato,Late Blight,番茄，枯萎病,2.041,48228,10,success,番茄,枯萎病,,1,1,0,0
part2,微信图片_2026-06-03_131135_816.jpg,番茄,缺磷,生理性缺素病害,Tomato,Phosphorus Deficiency,番茄，黄化病，蚜虫,2.807,25560,12,success,番茄,黄化病,蚜虫,1,1,0,0
part2,微信图片_2026-06-03_131256_528.jpg,豌豆,白粉病,真菌性侵染病害,Sweet Pea,Powdery Mildew,豌豆，白粉病,1.262,25560,8,success,豌豆,白粉病,,1,1,1,1
part2,微信图片_2026-06-03_131438_872.jpg,玉米,粗缩病,病毒性病害,Corn,Rough Dwarf Disease,玉米，病害，玉米螟,2.237,25560,12,success,玉米,病害,玉米螟,1,1,0,0
part2,微信图片_2026-06-03_131539_776.jpg,黄瓜,病毒病,病毒性侵染病害,Cucumber,Viral Disease,南瓜，白粉病，蚜虫,1.539,48228,11,success,南瓜,白粉病,蚜虫,1,0,0,0
part2,微信图片_2026-06-03_131707_128.jpg,茄子,缺铁,生理性缺素病害,Eggplant,Iron Deficiency,作物，叶斑病,1.386,36894,8,success,作物,叶斑病,,1,0,0,0
part2,微信图片_2026-06-03_131832_600.jpg,番茄,褐斑病,真菌性病害,Tomato,Brown Spot,马铃薯，灰斑病，蚜虫,2.211,36894,14,success,马铃薯,灰斑病,蚜虫,1,0,0,0
part2,微信图片_2026-06-03_132021_808.jpg,茄子,早疫病,真菌性病害,Eggplant,Early Blight,茄子，叶斑病,1.406,25560,9,success,茄子,叶斑病,,1,1,0,0
part2,微信图片_2026-06-03_132137_864.jpg,甜瓜,蔓枯病,真菌性病害,Melon,Gummy Stem Blight (Stem),黄瓜，霜霉病,1.171,25560,9,success,黄瓜,霜霉病,,1,0,0,0
part2,微信图片_2026-06-03_133638_095.jpg,西瓜,缺铁,生理性病害,Watermelon,Iron Deficiency,西瓜，黄化病,2.241,25560,7,success,西瓜,黄化病,,1,1,0,0
part2,微信图片_2026-06-03_133852_816.jpg,小麦,条锈病,真菌性病害,Wheat,Stripe Rust,小麦，叶锈病，蚜虫,2.112,25560,12,success,小麦,叶锈病,蚜虫,1,1,0,0
part2,微信图片_2026-06-03_133936_992.jpg,小麦,花叶病,病毒性病害,Wheat,Mosaic Disease,小麦，黄叶病,1.524,36894,7,success,小麦,黄叶病,,1,1,0,0
part2,微信图片_2026-06-03_134146_543.jpg,小麦,赤霉病,真菌性病害,Wheat,Fusarium Head Blight,小麦，蚜虫,2.262,25560,7,success,小麦,蚜虫,,1,1,0,0
part2,微信图片_2026-06-03_134256_823.jpg,小麦,黄矮病,病毒性病害,Wheat,Yellow Dwarf,水稻，稻瘟病,1.197,25560,10,success,水稻,稻瘟病,,1,0,0,0
part2,微信图片_2026-06-03_134518_062.jpg,小麦,花叶病,病毒性病害,Wheat,Mosaic Disease,大蒜，病毒病,1.675,36894,7,success,大蒜,病毒病,,1,0,0,0
part2,微信图片_2026-06-03_134948_072.jpg,小麦,纹枯病,真菌性病害,Wheat,Sheath Blight,作物，病害，虫种,1.461,25560,9,success,作物,病害,虫种,1,0,0,0
part2,微信图片_2026-06-03_135132_224.jpg,马铃薯,晚疫病,真菌性病害,Potato,Late Blight,芋头，叶斑病,1.581,25560,9,success,芋头,叶斑病,,1,0,0,0
part2,微信图片_2026-06-03_135256_368.jpg,马铃薯,癌肿病,真菌性病害,Potato,Gall,作物，根腐病,1.352,36894,7,success,作物,根腐病,,1,0,0,0
part2,微信图片_2026-06-03_135352_847.jpg,马铃薯,青枯病,细菌性病害,Potato,Bacterial Wilt,作物，病害,1.506,48228,6,success,作物,病害,,1,0,0,0
part2,微信图片_2026-06-03_135623_584.jpg,马铃薯,苍痂病,细菌性病害,Potato,Scab,土豆，黑斑病,1.313,25560,8,success,土豆,黑斑病,,1,0,0,0
part2,微信图片_2026-06-03_135725_126.jpg,马铃薯,早疫病,真菌性病害,Potato,Early Blight,马铃薯，病毒病,1.925,25560,8,success,马铃薯,病毒病,,1,1,0,0
part2,微信图片_2026-06-03_135846_326.jpg,马铃薯,病毒病,非生理性病害,Potato,Viral Disease,马铃薯，未发现病害或虫害。,4.265,25560,14,success,马铃薯,未发现病害或虫害。,,1,1,0,0
part2,微信图片_2026-06-03_135949_447.jpg,杨梅,褐斑病,真菌性病害,Bayberry,Brown Spot,作物，病害,1.583,48228,6,success,作物,病害,,1,0,0,0
part2,微信图片_2026-06-03_140115_791.jpg,苹果,黑星病,真菌性病害,Apple,Black Scab,苹果，果实腐烂，苹果蛀虫,2.189,36894,13,success,苹果,果实腐烂,苹果蛀虫,1,1,0,0
part2,微信图片_2026-06-03_140155_615.jpg,苹果,花腐病,真菌性病害,Apple Tree,Flower Rot,苹果，黑星病,3.453,48228,6,success,苹果,黑星病,,1,1,0,0
part2,微信图片_2026-06-03_140612_807.jpg,樱桃,腐烂病,真菌性病害,Cherry,Rot Disease,果树，树干腐烂，蛀虫,1.514,25560,13,success,果树,树干腐烂,蛀虫,1,0,0,0
part2,微信图片_2026-06-03_140914_911.jpg,猕猴桃,溃疡病,细菌性病害,Kiwifruit,Canker,豆类，叶斑病，豆蝽,2.054,25560,12,success,豆类,叶斑病,豆蝽,1,0,0,0
part2,微信图片_2026-06-03_141055_079.jpg,猕猴桃,膏药病,真菌性病害,Kiwifruit,Plaster Disease,柿子，炭疽病，蚜虫,3.841,25560,14,success,柿子,炭疽病,蚜虫,1,0,0,0
part2,微信图片_2026-06-03_141215_040.jpg,甘蔗,凤梨病,真菌性土传,Sugarcane,Pineapple Disease,玉米，玉米螟,1.791,25560,9,success,玉米,玉米螟,,1,0,0,0
part2,微信图片_2026-06-03_141436_167.jpg,百香果,缺镁,生理性病害,Passion Fruit,Magnesium Deficiency,作物，病害,1.806,25560,6,success,作物,病害,,1,0,0,0
part2,微信图片_2026-06-03_141550_750.jpg,芒果,炭疽病,真菌性侵染病害,Mango,Anthracnose,芒果，炭疽病,1.837,25560,10,success,芒果,炭疽病,,1,1,1,1
part2,微信图片_2026-06-03_141859_087.jpg,烟草,黑胫病,真菌性病害,Tobacco,Blackleg,作物，病毒病,1.548,25560,6,success,作物,病毒病,,1,0,0,0
part2,微信图片_2026-06-03_141919_758.jpg,烟草,赤星病,真菌性侵染病害,Tobacco,Cedar Apple Rust,烟草，烟草斑点病,1.903,36894,10,success,烟草,烟草斑点病,,1,1,0,0
part2,微信图片_2026-06-03_142023_366.jpg,烟草,病毒病,病毒性病害,Tobacco,Viral Disease,烟草，烟草斑点病，烟草蚜虫,2.004,48228,16,success,烟草,烟草斑点病,烟草蚜虫,1,1,0,0
part2,微信图片_2026-06-03_142154_574.jpg,花生,赤星病,真菌性病害,Peanut,Cedar Apple Rust,大豆，豆斑病,1.99,25560,8,success,大豆,豆斑病,,1,0,0,0
part2,微信图片_2026-06-03_142315_287.jpg,烟草,青枯病,细菌性病害,Tobacco,Bacterial Wilt,烟草，烟草蚜。,2.921,25560,9,success,烟草,烟草蚜。,,1,1,0,0
part2,微信图片_2026-06-03_142345_198.jpg,烟草,蛙眼病,真菌性病害,Tobacco,Frog Eye Spot,作物，叶斑病,1.474,25560,8,success,作物,叶斑病,,1,0,0,0
part2,微信图片_2026-06-03_142600_896.jpg,棉花,褐斑病,真菌性侵染病害,Cotton,Brown Spot,棉花，棉花叶枯病，棉铃虫,2.139,25560,17,success,棉花,棉花叶枯病,棉铃虫,1,1,0,0
part2,微信图片_2026-06-03_142637_870.jpg,棉花,黄萎病,真菌性病害,Cotton,Verticillium Wilt,棉花，棉铃虫,1.602,25560,9,success,棉花,棉铃虫,,1,1,0,0
part2,微信图片_2026-06-03_142732_024.jpg,棉花,炭疽病,真菌性病害,Cotton,Anthracnose,甘薯，炭疽病，蚜虫,1.559,25560,14,success,甘薯,炭疽病,蚜虫,1,0,1,0
part2,微信图片_2026-06-03_142910_167.jpg,向日葵,菌核病,真菌性土传侵染病害,Sunflower,Sclerotinia Rot,向日葵，白粉病,1.684,25560,9,success,向日葵,白粉病,,1,1,0,0
part2,微信图片_2026-06-03_143040_863.jpg,棉花,角斑病,细菌性病害,Cotton,Angular Leaf Spot,棉花，棉铃虫,1.256,25560,9,success,棉花,棉铃虫,,1,1,0,0
part2,微信图片_2026-06-03_143248_278.jpg,茶,枯芽病,真菌性病害,Tea,Bud Blight,作物，病害,1.46,25560,6,success,作物,病害,,1,0,0,0
part2,微信图片_2026-06-03_143420_927.jpg,茶,炭疽病,真菌性侵染病害,Tea,Anthracnose,玫瑰，黄化病,1.376,25560,9,success,玫瑰,黄化病,,1,0,0,0
part2,微信图片_2026-06-03_143701_110.jpg,豆角,白粉病,真菌性病害,String Bean,Powdery Mildew,大豆，白粉病,2.35,36894,7,success,大豆,白粉病,,1,0,1,0
part2,微信图片_2026-06-03_143759_223.jpg,豆角,病毒病,病毒性病害,String Bean,Viral Disease,大豆，黄化病,1.605,25560,7,success,大豆,黄化病,,1,0,0,0
part2,微信图片_2026-06-02_164146_721.png,葡萄,煤污病,真菌病害,Grape,Sooty Mold,葡萄，霜霉病,1.634,14226,9,success,葡萄,霜霉病,,1,1,0,0
part2,微信图片_2026-06-02_164212_925.png,葡萄,煤污病,真菌病害,Grape,Sooty Mold,葡萄，霜霉病,1.607,14226,9,success,葡萄,霜霉病,,1,1,0,0
part2,微信图片_2026-06-02_164220_909.png,葡萄,煤污病,真菌病害,Grape,Sooty Mold,葡萄，黑腐病，葡萄螟,1.598,14226,13,success,葡萄,黑腐病,葡萄螟,1,1,0,0
part2,微信图片_2026-06-02_164235_292.png,葡萄,煤污病,真菌病害,Grape,Sooty Mold,葡萄，白粉病，葡萄粉虱,1.433,25560,13,success,葡萄,白粉病,葡萄粉虱,1,1,0,0
part2,微信图片_2026-06-02_164714_797.jpg,嘉宝果树,蓟马,虫害,Jaboticaba Tree,Thrips,作物，白粉病，蚜虫,2.012,25560,11,success,作物,白粉病,蚜虫,1,0,0,0
part2,微信图片_2026-06-02_164724_909.jpg,嘉宝果树,蓟马,虫害,Jaboticaba Tree,Thrips,不清楚作物和病虫害。,2.66,25560,11,success,不清楚作物和病虫害。,,,0,0,0,0
part2,微信图片_2026-06-02_164729_542.jpg,嘉宝果树,蓟马,虫害,Jaboticaba Tree,Thrips,作物，病害,1.707,25560,6,success,作物,病害,,1,0,0,0
part2,微信图片_2026-06-02_164736_676.jpg,嘉宝果树,蓟马,虫害,Jaboticaba Tree,Thrips,茶树，茶叶病，茶小绿叶蝉,2.335,25560,14,success,茶树,茶叶病,茶小绿叶蝉,1,0,0,0
part2,微信图片_2026-06-02_164741_532.jpg,嘉宝果树,蓟马,虫害,Jaboticaba Tree,Thrips,作物，蚜虫,1.907,25560,7,success,作物,蚜虫,,1,0,0,0
part2,微信图片_2026-06-02_165139_565.png,猕猴桃,溃疡病,细菌病害,Kiwifruit,Canker,作物，叶斑病,1.524,8559,8,success,作物,叶斑病,,1,0,0,0
part2,微信图片_2026-06-02_165146_844.png,猕猴桃,溃疡病,细菌病害,Kiwifruit,Canker,无花果，叶斑病，蚜虫,1.089,8559,13,success,无花果,叶斑病,蚜虫,1,0,0,0
part2,微信图片_2026-06-02_165158_980.png,猕猴桃,溃疡病,细菌病害,Kiwifruit,Canker,作物，叶斑病,4.617,8559,8,success,作物,叶斑病,,1,0,0,0
part2,微信图片_2026-06-02_165203_748.png,猕猴桃,溃疡病,细菌病害,Kiwifruit,Canker,作物，叶斑病,1.598,8559,8,success,作物,叶斑病,,1,0,0,0
part2,微信图片_2026-06-02_165527_700.jpg,柑橘,潜叶蛾,虫害,Citrus Tree,Leafminer Moth,柠檬，病毒病，蚜虫,2.168,25560,12,success,柠檬,病毒病,蚜虫,1,0,0,0
part2,微信图片_2026-06-02_165532_228.jpg,柑橘,潜叶蛾,虫害,Citrus Tree,Leafminer Moth,柠檬，黄化病，蚜虫,1.678,25560,13,success,柠檬,黄化病,蚜虫,1,0,0,0
part2,微信图片_2026-06-02_165536_572.jpg,柑橘,潜叶蛾,虫害,Citrus Tree,Leafminer Moth,柠檬，蚜虫,2.321,25560,9,success,柠檬,蚜虫,,1,0,0,0
part2,微信图片_2026-06-02_165540_269.jpg,柑橘,潜叶蛾,虫害,Citrus Tree,Leafminer Moth,柑橘，黄化病，蚜虫,1.408,25560,13,success,柑橘,黄化病,蚜虫,1,1,0,0
part2,微信图片_2026-06-02_165544_732.jpg,柑橘,潜叶蛾,虫害,Citrus Tree,Leafminer Moth,辣椒，病毒病，蚜虫,3.067,25560,10,success,辣椒,病毒病,蚜虫,1,0,0,0
part2,微信图片_2026-06-02_165548_900.jpg,柑橘,潜叶蛾,虫害,Citrus Tree,Leafminer Moth,香葱，叶斑病,2.028,25560,9,success,香葱,叶斑病,,1,0,0,0
part2,微信图片_2026-06-02_170014_428.jpg,苹果,花叶病,病毒性病害,Apple Tree,Mosaic Disease,苹果，白粉病,2.888,25560,6,success,苹果,白粉病,,1,1,0,0
part2,微信图片_2026-06-02_170019_012.jpg,苹果,花叶病,病毒性病害,Apple Tree,Mosaic Disease,苹果，苹果黑星病，蚜虫,1.367,25560,11,success,苹果,苹果黑星病,蚜虫,1,1,0,0
part2,微信图片_2026-06-02_170022_988.jpg,苹果,花叶病,病毒性病害,Apple Tree,Mosaic Disease,苹果，叶斑病,1.573,25560,7,success,苹果,叶斑病,,1,1,0,0
part2,微信图片_2026-06-02_170026_956.jpg,苹果,花叶病,病毒性病害,Apple Tree,Mosaic Disease,作物，病害,1.948,25560,6,success,作物,病害,,1,0,0,0
part2,微信图片_2026-06-02_170031_636.jpg,苹果,花叶病,病毒性病害,Apple Tree,Mosaic Disease,作物，黑腐病，蚜虫,1.641,25560,11,success,作物,黑腐病,蚜虫,1,0,0,0
part2,微信图片_2026-06-02_170035_428.jpg,苹果,花叶病,病毒性病害,Apple Tree,Mosaic Disease,作物，白粉病,1.741,25560,7,success,作物,白粉病,,1,0,0,0
part2,微信图片_2026-06-02_170039_374.jpg,苹果,花叶病,病毒性病害,Apple Tree,Mosaic Disease,苹果，叶斑病,1.236,25560,7,success,苹果,叶斑病,,1,1,0,0
part2,微信图片_2026-06-02_170043_212.jpg,苹果,花叶病,病毒性病害,Apple Tree,Mosaic Disease,苹果，黑星病,1.366,25560,6,success,苹果,黑星病,,1,1,0,0
part2,微信图片_2026-06-02_170609_876.jpg,梨,干腐病,真菌病害,Pear Tree,Dry Rot,苹果，干腐病,1.893,25560,6,success,苹果,干腐病,,1,0,1,0
part2,微信图片_2026-06-02_170624_227.jpg,梨,干腐病,真菌病害,Pear Tree,Dry Rot,苹果，干腐病,2.365,25560,6,success,苹果,干腐病,,1,0,1,0
part2,微信图片_2026-06-02_170630_612.jpg,梨,干腐病,真菌病害,Pear Tree,Dry Rot,桃树，桃树干腐病，桃小食心虫,1.737,25560,15,success,桃树,桃树干腐病,桃小食心虫,1,0,0,0
part2,微信图片_2026-06-02_170634_804.jpg,梨,干腐病,真菌病害,Pear Tree,Dry Rot,苹果，干腐病，苹果树蛀虫,1.491,25560,12,success,苹果,干腐病,苹果树蛀虫,1,0,1,0
part2,微信图片_2026-06-02_170639_555.jpg,梨,干腐病,真菌病害,Pear Tree,Dry Rot,果树，黑腐病,2.373,25560,7,success,果树,黑腐病,,1,0,0,0
part2,微信图片_2026-06-02_170643_643.jpg,梨,干腐病,真菌病害,Pear Tree,Dry Rot,苹果，黑腐病,3.407,25560,6,success,苹果,黑腐病,,1,0,0,0
part2,微信图片_2026-06-02_170832_468.jpg,苹果,红蜘蛛,虫害,Apple Tree,Spider Mite,苹果，蚜虫,2.021,36894,6,success,苹果,蚜虫,,1,1,0,0
part2,微信图片_2026-06-02_170836_308.jpg,苹果,红蜘蛛,虫害,Apple Tree,Spider Mite,苹果，白粉病,1.495,36894,6,success,苹果,白粉病,,1,1,0,0
part2,微信图片_2026-06-02_171011_291.jpg,柿子树,黑斑病,真菌病害,Persimmon Tree,Black Spot,作物，叶斑病,1.96,25560,8,success,作物,叶斑病,,1,0,0,0
part2,微信图片_2026-06-02_171019_579.jpg,柿子树,黑斑病,真菌病害,Persimmon Tree,Black Spot,作物，叶斑病,2.499,25560,8,success,作物,叶斑病,,1,0,0,0
part2,微信图片_2026-06-02_171025_116.jpg,柿子树,黑斑病,真菌病害,Persimmon Tree,Black Spot,作物，叶斑病,1.822,25560,8,success,作物,叶斑病,,1,0,0,0
part2,微信图片_2026-06-02_171330_595.jpg,苹果,红蜘蛛,虫害,Apple Tree,Spider Mite,苹果，白粉病,2.535,25560,6,success,苹果,白粉病,,1,1,0,0
part2,微信图片_2026-06-02_171337_787.jpg,苹果,红蜘蛛,虫害,Apple Tree,Spider Mite,苹果，白粉病,1.834,25560,6,success,苹果,白粉病,,1,1,0,0
part2,微信图片_2026-06-02_171342_163.jpg,苹果,红蜘蛛,虫害,Apple Tree,Spider Mite,苹果，白粉病,2.358,25560,6,success,苹果,白粉病,,1,1,0,0
part2,微信图片_2026-06-02_172516_442.jpg,嘉宝果树,炭疽病,真菌病害,Jaboticaba Tree,Anthracnose,作物，病害,1.848,25560,6,success,作物,病害,,1,0,0,0
part2,微信图片_2026-06-02_172524_307.jpg,嘉宝果树,炭疽病,真菌病害,Jaboticaba Tree,Anthracnose,茶树，茶叶病，茶小绿叶蝉,1.549,25560,14,success,茶树,茶叶病,茶小绿叶蝉,1,0,0,0
part2,微信图片_2026-06-02_172530_578.jpg,嘉宝果树,炭疽病,真菌病害,Jaboticaba Tree,Anthracnose,作物，病害,1.554,25560,6,success,作物,病害,,1,0,0,0
part2,微信图片_2026-06-02_172752_019.jpg,柑橘,炭疽病,真菌病害,Citrus Tree,Anthracnose,柑橘，黄化病,1.417,25560,9,success,柑橘,黄化病,,1,1,0,0
part2,微信图片_2026-06-02_172756_211.jpg,柑橘,炭疽病,真菌病害,Citrus Tree,Anthracnose,茶树，茶叶斑点病,1.447,36894,10,success,茶树,茶叶斑点病,,1,0,0,0
part2,微信图片_2026-06-02_172915_610.jpg,苹果,螨类危害,虫害,Apple Tree,Mite,苹果，苹果斑点病，蚜虫,2.1,25560,12,success,苹果,苹果斑点病,蚜虫,1,1,0,0
part2,微信图片_2026-06-02_172919_978.jpg,苹果,螨类危害,虫害,Apple Tree,Mite,梨树，黑星病,2.176,25560,7,success,梨树,黑星病,,1,0,0,0
part2,微信图片_2026-06-02_172923_354.jpg,苹果,螨类危害,虫害,Apple Tree,Mite,作物，叶斑病,2.173,25560,8,success,作物,叶斑病,,1,0,0,0
part2,微信图片_2026-06-02_173141_627.jpg,芒果,炭疽病,真菌病害,Mango Tree,Anthracnose,作物，病害，虫种,2.701,25560,9,success,作物,病害,虫种,1,0,0,0
part2,微信图片_2026-06-02_173145_938.jpg,芒果,炭疽病,真菌病害,Mango Tree,Anthracnose,作物，叶斑病，蚜虫,2.186,25560,12,success,作物,叶斑病,蚜虫,1,0,0,0
part2,微信图片_2026-06-02_173149_905.jpg,芒果,炭疽病,真菌病害,Mango Tree,Anthracnose,作物，叶斑病,2.357,25560,8,success,作物,叶斑病,,1,0,0,0
part2,微信图片_2026-06-02_173153_674.jpg,芒果,炭疽病,真菌病害,Mango Tree,Anthracnose,作物，病害，虫种,3.215,25560,9,success,作物,病害,虫种,1,0,0,0
part2,微信图片_2026-06-02_173157_666.jpg,芒果,炭疽病,真菌病害,Mango Tree,Anthracnose,作物，叶斑病,3.714,25560,8,success,作物,叶斑病,,1,0,0,0
part2,微信图片_2026-06-02_173314_185.jpg,牛油果树,褐斑病,真菌病害,Avocado Tree,Brown Spot,作物，黑斑病，蚜虫,2.022,25560,12,success,作物,黑斑病,蚜虫,1,0,0,0
part2,微信图片_2026-06-02_173318_298.jpg,牛油果树,褐斑病,真菌病害,Avocado Tree,Brown Spot,作物，黑斑病,1.744,25560,8,success,作物,黑斑病,,1,0,0,0
part2,微信图片_2026-06-02_173321_953.jpg,牛油果树,褐斑病,真菌病害,Avocado Tree,Brown Spot,鳄梨，黄化病,2.52,25560,8,success,鳄梨,黄化病,,1,0,0,0
part2,微信图片_2026-06-02_173326_259.jpg,牛油果树,褐斑病,真菌病害,Avocado Tree,Brown Spot,鳄梨，蚜虫,1.643,25560,8,success,鳄梨,蚜虫,,1,0,0,0
part2,微信图片_2026-06-02_173639_882.jpg,苹果,腐烂病,真菌病害,Apple Tree,Rot Disease,桃树，卷叶虫。,1.691,48228,8,success,桃树,卷叶虫。,,1,0,0,0
part2,微信图片_2026-06-02_173643_841.jpg,苹果,腐烂病,真菌病害,Apple Tree,Rot Disease,果树，叶枯病，蚜虫,1.654,48228,12,success,果树,叶枯病,蚜虫,1,0,0,0
part2,微信图片_2026-06-02_173647_849.jpg,苹果,腐烂病,真菌病害,Apple Tree,Rot Disease,马铃薯，晚疫病,2.221,25560,9,success,马铃薯,晚疫病,,1,0,0,0
part2,微信图片_2026-06-02_174326_297.jpg,芒果,炭疽病,真菌病害,Mango Tree,Anthracnose,"mango, 叶斑病, 蚜虫",1.818,48228,13,success,mango,叶斑病,蚜虫,1,0,0,0
part2,微信图片_2026-06-02_174331_680.jpg,芒果,炭疽病,真菌病害,Mango Tree,Anthracnose,芒果，虫害，芒果蚜虫,3.702,48228,14,success,芒果,虫害,芒果蚜虫,1,1,0,0
part2,微信图片_2026-06-02_174336_249.jpg,芒果,炭疽病,真菌病害,Mango Tree,Anthracnose,作物，叶斑病，茶尺蠖,2.413,48228,14,success,作物,叶斑病,茶尺蠖,1,0,0,0
part2,微信图片_2026-06-02_174753_264.jpg,苹果,锈病,真菌病害,Apple Tree,Rust,作物，锈病，蚜虫,1.909,25560,11,success,作物,锈病,蚜虫,1,0,1,0
part2,微信图片_2026-06-02_174808_881.jpg,苹果,锈病,真菌病害,Apple Tree,Rust,苹果，虫害，苹果蠹蛾,2.634,25560,12,success,苹果,虫害,苹果蠹蛾,1,1,0,0
part2,微信图片_2026-06-02_174814_073.jpg,苹果,锈病,真菌病害,Apple Tree,Rust,梨，黑星病，蚜虫,1.669,25560,10,success,梨,黑星病,蚜虫,1,0,0,0
part2,微信图片_2026-06-02_174819_026.jpg,苹果,锈病,真菌病害,Apple Tree,Rust,作物，叶片虫害，蚜虫,1.636,25560,12,success,作物,叶片虫害,蚜虫,1,0,0,0
part2,微信图片_2026-06-02_175418_257.jpg,人参果树,炭疽病,真菌病害,Pepino Tree,Anthracnose,大豆，黄化病，蚜虫,2.094,25560,11,success,大豆,黄化病,蚜虫,1,0,0,0
part2,微信图片_2026-06-02_175422_144.jpg,人参果树,炭疽病,真菌病害,Pepino Tree,Anthracnose,作物，虫害，蚜虫,1.807,25560,10,success,作物,虫害,蚜虫,1,0,0,0
part2,微信图片_2026-06-02_175426_664.jpg,人参果树,炭疽病,真菌病害,Pepino Tree,Anthracnose,作物，病害,1.981,25560,6,success,作物,病害,,1,0,0,0
part2,微信图片_2026-06-03_162606_277.jpg,桃,穿孔病,真菌病害,Peach Tree,Shot Hole,桃树，桃小食心虫，桃树叶斑病,4.998,25560,16,success,桃树,桃小食心虫,桃树叶斑病,1,0,0,0
part2,微信图片_2026-06-03_162610_645.jpg,桃,穿孔病,真菌病害,Peach Tree,Shot Hole,桃树，桃小食心虫，桃树叶斑病,1.578,25560,16,success,桃树,桃小食心虫,桃树叶斑病,1,0,0,0
part2,微信图片_2026-06-03_162744_108.jpg,桃,穿孔病,真菌病害,Peach Tree,Shot Hole,桃树，叶斑病，蚜虫,2.575,36894,12,success,桃树,叶斑病,蚜虫,1,0,0,0
part2,微信图片_2026-06-03_162754_164.jpg,桃,穿孔病,真菌病害,Peach Tree,Shot Hole,桃子，裂果病，桃小食心虫,2.279,25560,13,success,桃子,裂果病,桃小食心虫,1,0,0,0
part2,微信图片_2026-06-03_162758_773.jpg,桃,穿孔病,真菌病害,Peach Tree,Shot Hole,桃子，腐烂病，桃蛀虫,4.563,25560,13,success,桃子,腐烂病,桃蛀虫,1,0,0,0
part2,微信图片_2026-06-03_162803_796.jpg,桃,穿孔病,真菌病害,Peach Tree,Shot Hole,桃树，桃树褐腐病，桃小食心虫,2.508,48228,16,success,桃树,桃树褐腐病,桃小食心虫,1,0,0,0
part2,微信图片_2026-06-03_162910_709.jpg,桃,穿孔病,真菌病害,Peach Tree,Shot Hole,桃树，叶斑病，蚜虫,1.472,36894,12,success,桃树,叶斑病,蚜虫,1,0,0,0
part2,微信图片_2026-06-03_162915_077.jpg,桃,穿孔病,真菌病害,Peach Tree,Shot Hole,桃树，叶斑病，蚜虫,2.383,36894,12,success,桃树,叶斑病,蚜虫,1,0,0,0
part2,微信图片_2026-06-03_162918_797.jpg,桃,穿孔病,真菌病害,Peach Tree,Shot Hole,桃树，叶斑病，蚜虫,1.315,36894,12,success,桃树,叶斑病,蚜虫,1,0,0,0
part2,微信图片_2026-06-03_162923_596.jpg,桃,穿孔病,真菌病害,Peach Tree,Shot Hole,水稻，稻瘟病,1.496,36894,10,success,水稻,稻瘟病,,1,0,0,0
part2,微信图片_2026-06-03_163049_900.jpg,梨,锈病,真菌病害,Pear Tree,Rust,桃树，桃蚜。,3.103,25560,8,success,桃树,桃蚜。,,1,0,0,0
part2,微信图片_2026-06-03_163053_765.jpg,梨,锈病,真菌病害,Pear Tree,Rust,梨，黑星病，梨小食心虫,2.389,25560,12,success,梨,黑星病,梨小食心虫,1,1,0,0
part2,微信图片_2026-06-03_163058_244.jpg,梨,锈病,真菌病害,Pear Tree,Rust,作物，病害，虫种,1.364,25560,9,success,作物,病害,虫种,1,0,0,0
part2,微信图片_2026-06-03_163102_212.jpg,梨,锈病,真菌病害,Pear Tree,Rust,梨，黑星病,2.361,25560,6,success,梨,黑星病,,1,1,0,0
part2,微信图片_2026-06-03_163106_797.jpg,梨,锈病,真菌病害,Pear Tree,Rust,梨，梨小食心虫,3.049,25560,8,success,梨,梨小食心虫,,1,1,0,0
part2,微信图片_2026-06-03_163110_789.jpg,梨,锈病,真菌病害,Pear Tree,Rust,梨，叶斑病，梨小食心虫,2.057,25560,13,success,梨,叶斑病,梨小食心虫,1,1,0,0
part2,微信图片_2026-06-03_163238_860.jpg,梨,白粉病,真菌病害,Pear Tree,Powdery Mildew,梨树，黑斑病，蚜虫,2.439,25560,12,success,梨树,黑斑病,蚜虫,1,0,0,0
part2,微信图片_2026-06-03_163243_236.jpg,梨,白粉病,真菌病害,Pear Tree,Powdery Mildew,梨，黑斑病，蚜虫,1.894,25560,11,success,梨,黑斑病,蚜虫,1,1,0,0
part2,微信图片_2026-06-03_163247_116.jpg,梨,白粉病,真菌病害,Pear Tree,Powdery Mildew,梨树，黑斑病,1.499,25560,8,success,梨树,黑斑病,,1,0,0,0
part2,微信图片_2026-06-03_163251_540.jpg,梨,白粉病,真菌病害,Pear Tree,Powdery Mildew,梨树，黑斑病，蚜虫,1.897,25560,12,success,梨树,黑斑病,蚜虫,1,0,0,0
part2,微信图片_2026-06-03_163256_180.jpg,梨,白粉病,真菌病害,Pear Tree,Powdery Mildew,梨，白粉病，蚜虫,1.989,25560,10,success,梨,白粉病,蚜虫,1,1,1,1
part2,微信图片_2026-06-03_163300_357.jpg,梨,白粉病,真菌病害,Pear Tree,Powdery Mildew,梨树，白粉病，蚜虫,2.086,25560,11,success,梨树,白粉病,蚜虫,1,0,1,0
part2,微信图片_2026-06-03_163419_356.jpg,梨,锈病,真菌病害,Pear Tree,Pear Rust,作物，病害,1.213,25560,6,success,作物,病害,,1,0,0,0
part2,微信图片_2026-06-03_163423_164.jpg,梨,锈病,真菌病害,Pear Tree,Pear Rust,柑橘，黄化病,1.538,25560,9,success,柑橘,黄化病,,1,0,0,0
part2,微信图片_2026-06-03_163426_932.jpg,梨,锈病,真菌病害,Pear Tree,Pear Rust,小麦，病害；小麦，虫害，蚜虫,2.485,25560,16,success,小麦,病害；小麦,虫害,0,0,0,0
part2,微信图片_2026-06-03_163431_220.jpg,梨,锈病,真菌病害,Pear Tree,Pear Rust,柑橘，黄化病,2.124,25560,9,success,柑橘,黄化病,,1,0,0,0
part2,微信图片_2026-06-03_163435_452.jpg,梨,锈病,真菌病害,Pear Tree,Pear Rust,柑橘，黄叶病,1.925,25560,9,success,柑橘,黄叶病,,1,0,0,0
part2,微信图片_2026-06-03_163439_253.jpg,梨,锈病,真菌病害,Pear Tree,Pear Rust,梨，叶片卷曲病，蚜虫,6.289,25560,12,success,梨,叶片卷曲病,蚜虫,1,1,0,0
part2,微信图片_2026-06-03_163443_877.jpg,梨,锈病,真菌病害,Pear Tree,Pear Rust,梨，梨蚜,1.951,25560,6,success,梨,梨蚜,,1,1,0,0
